ts,n_symbols,n_1h,n_2h,n_4h,n_8h,n_other,n_pinned_live,n_at_cap_sett,n_events
2026-07-17T11:14:51+00:00,510,0,1,225,284,0,1,0,0
2026-07-17T12:34:39+00:00,512,0,2,224,286,0,1,1,4
2026-07-17T12:44:48+00:00,512,0,2,224,286,0,1,1,0
2026-07-17T12:54:56+00:00,512,0,2,224,286,0,1,1,0
2026-07-17T13:05:04+00:00,512,0,2,224,286,0,1,1,0
2026-07-17T13:15:12+00:00,512,0,2,224,286,0,1,1,0
2026-07-17T13:25:20+00:00,512,0,2,224,286,0,1,1,0
2026-07-17T13:35:28+00:00,512,0,2,224,286,0,1,1,0
2026-07-17T13:45:37+00:00,512,0,2,224,286,0,1,1,0
2026-07-17T13:55:44+00:00,512,0,2,224,286,0,1,1,0
2026-07-17T14:05:52+00:00,512,1,1,224,286,0,1,1,1
2026-07-17T14:16:01+00:00,512,1,1,224,286,0,1,1,0
2026-07-17T14:26:10+00:00,512,1,1,224,286,0,1,1,0
2026-07-17T14:36:18+00:00,512,1,1,224,286,0,1,1,0
2026-07-17T14:46:26+00:00,512,1,1,224,286,0,1,1,0
2026-07-17T14:56:34+00:00,512,1,1,224,286,0,1,1,0
2026-07-17T15:06:43+00:00,512,1,1,224,286,0,0,0,2
2026-07-17T15:16:51+00:00,512,1,1,224,286,0,0,0,0
2026-07-17T15:26:59+00:00,512,1,1,224,286,0,0,0,0
2026-07-17T15:37:08+00:00,512,1,1,224,286,0,0,0,0
2026-07-17T15:47:16+00:00,512,1,1,224,286,0,0,0,0
2026-07-17T15:57:25+00:00,512,1,1,224,286,0,0,0,0
2026-07-17T16:07:33+00:00,512,1,1,224,286,0,0,0,0
2026-07-17T16:17:42+00:00,512,1,1,224,286,0,0,0,0
2026-07-17T16:27:50+00:00,512,1,1,224,286,0,0,0,0
2026-07-17T16:37:58+00:00,512,1,1,224,286,0,0,0,0
2026-07-17T16:58:29+00:00,512,1,1,224,286,0,0,0,0
2026-07-17T17:08:36+00:00,512,1,1,224,286,0,0,0,0
2026-07-17T17:18:44+00:00,512,1,1,224,286,0,0,0,0
2026-07-17T17:28:51+00:00,512,1,1,224,286,0,0,0,0
2026-07-17T17:39:03+00:00,512,1,1,224,286,0,0,0,0
2026-07-17T17:49:10+00:00,512,1,1,224,286,0,0,0,0
2026-07-17T17:59:18+00:00,512,1,1,224,286,0,0,0,0
2026-07-17T18:09:25+00:00,512,1,1,224,286,0,0,0,0
2026-07-17T18:19:32+00:00,512,1,1,224,286,0,0,0,0
2026-07-17T18:29:42+00:00,512,1,1,224,286,0,0,0,0
2026-07-17T18:39:50+00:00,512,1,1,224,286,0,0,0,0
2026-07-17T18:49:58+00:00,512,1,1,224,286,0,0,0,0
2026-07-17T19:00:05+00:00,512,1,1,224,286,0,0,0,0
2026-07-17T19:10:14+00:00,512,1,1,224,286,0,0,0,0
2026-07-17T19:20:21+00:00,512,1,1,224,286,0,0,0,0
2026-07-17T19:30:29+00:00,512,1,1,224,286,0,0,0,0
2026-07-17T19:40:37+00:00,512,1,1,224,286,0,0,0,0
2026-07-17T19:50:44+00:00,512,1,1,224,286,0,0,0,0
2026-07-17T20:00:52+00:00,512,1,1,224,286,0,0,0,0
2026-07-17T20:10:59+00:00,512,1,1,224,286,0,0,0,0
2026-07-17T20:21:07+00:00,512,1,1,224,286,0,0,0,0
2026-07-17T20:31:15+00:00,512,1,1,224,286,0,0,0,0
2026-07-17T20:41:22+00:00,512,1,1,224,286,0,0,0,0
2026-07-17T20:51:30+00:00,512,1,1,224,286,0,0,0,0
2026-07-17T21:01:38+00:00,512,1,1,224,286,0,0,0,0
2026-07-17T21:11:46+00:00,512,1,1,224,286,0,0,0,0
2026-07-17T21:21:53+00:00,512,1,1,224,286,0,0,0,0
2026-07-17T21:32:01+00:00,512,1,1,224,286,0,0,0,0
2026-07-17T21:52:35+00:00,512,1,1,224,286,0,0,0,0
2026-07-17T22:02:44+00:00,512,1,1,224,286,0,0,0,0
2026-07-17T22:12:52+00:00,512,1,1,224,286,0,0,0,0
2026-07-17T22:23:01+00:00,512,1,1,224,286,0,0,0,0
2026-07-17T22:33:09+00:00,512,1,1,224,286,0,0,0,0
2026-07-17T22:43:17+00:00,512,1,1,224,286,0,0,0,0
2026-07-17T22:53:25+00:00,512,1,1,224,286,0,0,0,0
2026-07-17T23:03:34+00:00,512,1,1,224,286,0,0,0,0
2026-07-17T23:13:43+00:00,512,1,1,224,286,0,0,0,0
2026-07-17T23:23:51+00:00,512,1,1,224,286,0,0,0,0
2026-07-17T23:34:00+00:00,512,1,1,224,286,0,0,0,0
2026-07-17T23:44:09+00:00,512,1,1,224,286,0,0,0,0
2026-07-17T23:54:17+00:00,512,1,1,224,286,0,0,0,0
2026-07-18T00:04:25+00:00,512,1,1,224,286,0,0,0,0
2026-07-18T00:14:34+00:00,512,1,1,224,286,0,0,0,0
2026-07-18T00:24:42+00:00,512,1,1,224,286,0,0,0,0
2026-07-18T00:34:51+00:00,512,1,1,224,286,0,0,0,0
2026-07-18T00:44:59+00:00,512,1,1,224,286,0,0,0,0
2026-07-18T00:55:08+00:00,512,1,1,224,286,0,0,0,0
2026-07-18T01:05:16+00:00,512,1,1,224,286,0,0,0,0
2026-07-18T01:15:25+00:00,512,1,1,224,286,0,0,0,0
2026-07-18T01:25:33+00:00,512,1,1,224,286,0,0,0,0
2026-07-18T01:35:42+00:00,512,1,1,224,286,0,0,0,0
2026-07-18T01:45:50+00:00,512,1,1,224,286,0,0,0,0
2026-07-18T01:55:59+00:00,512,1,1,224,286,0,0,0,0
2026-07-18T02:06:08+00:00,512,1,1,224,286,0,0,0,0
2026-07-18T02:16:17+00:00,512,1,1,224,286,0,0,0,0
2026-07-18T02:26:25+00:00,512,1,1,224,286,0,0,0,0
2026-07-18T02:46:59+00:00,512,1,1,224,286,0,0,0,0
2026-07-18T02:57:07+00:00,512,1,1,224,286,0,0,0,0
2026-07-18T03:07:14+00:00,512,1,1,224,286,0,0,0,0
2026-07-18T03:17:22+00:00,512,1,1,224,286,0,0,0,0
2026-07-18T03:27:30+00:00,512,1,1,224,286,0,0,0,0
2026-07-18T03:37:38+00:00,512,1,1,224,286,0,0,0,0
2026-07-18T03:47:46+00:00,512,1,1,224,286,0,0,0,0
2026-07-18T03:57:53+00:00,512,1,1,224,286,0,0,0,0
2026-07-18T04:08:01+00:00,512,1,1,224,286,0,0,0,0
2026-07-18T04:18:09+00:00,512,1,1,224,286,0,0,0,0
2026-07-18T04:28:17+00:00,512,1,1,224,286,0,0,0,0
2026-07-18T04:38:24+00:00,512,1,1,224,286,0,0,0,0
2026-07-18T04:48:32+00:00,512,1,1,224,286,0,0,0,0
2026-07-18T04:58:40+00:00,512,1,1,224,286,0,0,0,0
2026-07-18T05:08:48+00:00,512,1,1,224,286,0,0,0,0
2026-07-18T05:18:57+00:00,512,1,1,224,286,0,0,0,0
2026-07-18T05:29:05+00:00,512,1,1,224,286,0,0,0,0
2026-07-18T05:39:13+00:00,512,1,1,224,286,0,0,0,0
2026-07-18T05:49:21+00:00,512,1,1,224,286,0,0,0,0
2026-07-18T05:59:28+00:00,512,1,1,224,286,0,0,0,0
2026-07-18T06:09:36+00:00,512,1,1,224,286,0,0,0,0
2026-07-18T06:19:44+00:00,512,1,1,224,286,0,0,0,0
2026-07-18T06:29:52+00:00,512,1,1,224,286,0,0,0,0
2026-07-18T06:40:00+00:00,512,1,1,224,286,0,0,0,0
2026-07-18T06:50:08+00:00,512,1,1,224,286,0,0,0,0
2026-07-18T07:00:16+00:00,512,1,1,224,286,0,0,0,0
2026-07-18T07:10:25+00:00,512,1,1,224,286,0,0,0,0
2026-07-18T07:20:33+00:00,512,1,1,224,286,0,0,0,0
2026-07-18T07:41:03+00:00,512,1,1,224,286,0,0,0,0
2026-07-18T07:51:10+00:00,512,1,1,224,286,0,0,0,0
2026-07-18T08:01:17+00:00,512,1,1,224,286,0,0,0,0
2026-07-18T08:11:25+00:00,512,1,1,224,286,0,0,0,0
2026-07-18T08:21:32+00:00,512,1,1,224,286,0,0,0,0
2026-07-18T08:31:40+00:00,512,1,1,224,286,0,0,0,0
2026-07-18T08:41:48+00:00,512,1,1,224,286,0,0,0,0
2026-07-18T08:51:55+00:00,512,1,1,224,286,0,0,0,0
2026-07-18T09:02:02+00:00,512,1,1,224,286,0,0,0,0
2026-07-18T09:12:10+00:00,512,1,1,224,286,0,0,0,0
2026-07-18T09:22:17+00:00,512,1,1,224,286,0,0,0,0
2026-07-18T09:32:24+00:00,512,1,1,224,286,0,0,0,0
2026-07-18T09:42:32+00:00,512,1,1,224,286,0,0,0,0
2026-07-18T09:52:40+00:00,512,1,1,224,286,0,0,0,0
2026-07-18T10:02:47+00:00,512,1,1,224,286,0,0,0,0
2026-07-18T10:12:54+00:00,512,1,1,224,286,0,0,0,0
2026-07-18T10:23:02+00:00,512,1,1,224,286,0,0,0,0
2026-07-18T10:33:09+00:00,512,1,1,224,286,0,0,0,0
2026-07-18T10:43:17+00:00,512,1,1,224,286,0,0,0,0
2026-07-18T10:53:25+00:00,512,1,1,224,286,0,0,0,0
2026-07-18T11:03:33+00:00,512,1,1,224,286,0,0,0,0
2026-07-18T11:13:40+00:00,512,1,1,224,286,0,0,0,0
2026-07-18T11:23:48+00:00,512,1,1,224,286,0,0,0,0
2026-07-18T11:33:55+00:00,512,1,1,224,286,0,0,0,0
2026-07-18T11:44:03+00:00,512,1,1,224,286,0,0,0,0
2026-07-18T11:54:11+00:00,512,1,1,224,286,0,0,0,0
2026-07-18T12:04:18+00:00,512,1,1,224,286,0,0,0,0
2026-07-18T12:14:25+00:00,512,1,1,224,286,0,0,0,0
2026-07-18T12:34:59+00:00,512,1,1,224,286,0,0,0,0
2026-07-18T12:45:08+00:00,512,1,1,224,286,0,0,0,0
2026-07-18T12:55:17+00:00,512,1,1,224,286,0,0,0,0
2026-07-18T13:05:26+00:00,512,1,1,224,286,0,0,0,0
2026-07-18T13:15:35+00:00,512,1,1,224,286,0,0,0,0
2026-07-18T13:25:45+00:00,512,1,1,224,286,0,0,0,0
2026-07-18T13:35:54+00:00,512,1,1,224,286,0,0,0,0
2026-07-18T13:46:03+00:00,512,1,1,224,286,0,0,0,0
2026-07-18T13:56:13+00:00,512,1,1,224,286,0,0,0,0
2026-07-18T14:06:22+00:00,512,1,1,224,286,0,0,0,0
2026-07-18T14:16:31+00:00,512,1,1,224,286,0,0,0,0
2026-07-18T14:26:41+00:00,512,1,1,224,286,0,0,0,0
2026-07-18T14:36:50+00:00,512,1,1,224,286,0,0,0,0
2026-07-18T14:47:00+00:00,512,1,1,224,286,0,0,0,0
2026-07-18T14:57:10+00:00,512,1,1,224,286,0,0,0,0
2026-07-18T15:07:19+00:00,512,1,1,224,286,0,0,0,0
2026-07-18T15:17:28+00:00,512,1,1,224,286,0,0,0,0
2026-07-18T15:27:37+00:00,512,1,1,224,286,0,0,0,0
2026-07-18T15:37:47+00:00,512,1,1,224,286,0,0,0,0
2026-07-18T15:47:56+00:00,512,1,1,224,286,0,0,0,0
2026-07-18T15:58:06+00:00,512,1,1,224,286,0,0,0,0
2026-07-18T16:08:15+00:00,512,1,1,224,286,0,0,0,0
2026-07-18T16:18:24+00:00,512,1,1,224,286,0,0,0,0
2026-07-18T16:28:33+00:00,512,1,1,224,286,0,0,0,0
2026-07-18T16:38:42+00:00,512,1,1,224,286,0,0,0,0
2026-07-18T16:48:52+00:00,512,1,1,224,286,0,0,0,0
2026-07-18T16:59:01+00:00,512,1,1,224,286,0,0,0,0
2026-07-18T17:09:11+00:00,512,1,1,224,286,0,0,0,0
2026-07-18T17:29:47+00:00,512,1,1,224,286,0,0,0,0
2026-07-18T17:39:56+00:00,512,1,1,224,286,0,0,0,0
2026-07-18T17:50:06+00:00,512,1,1,224,286,0,0,0,0
2026-07-18T18:00:15+00:00,512,1,1,224,286,0,0,0,0
2026-07-18T18:10:24+00:00,512,1,1,224,286,0,0,0,0
2026-07-18T18:20:33+00:00,512,1,1,224,286,0,0,0,0
2026-07-18T18:30:42+00:00,512,1,1,224,286,0,0,0,0
2026-07-18T18:40:51+00:00,512,1,1,224,286,0,0,0,0
2026-07-18T18:51:00+00:00,512,1,1,224,286,0,0,0,0
2026-07-18T19:01:10+00:00,512,1,1,224,286,0,0,0,0
2026-07-18T19:11:20+00:00,512,1,1,224,286,0,0,0,0
2026-07-18T19:21:29+00:00,512,1,1,224,286,0,0,0,0
2026-07-18T19:31:38+00:00,512,1,1,224,286,0,0,0,0
2026-07-18T19:41:48+00:00,512,1,1,224,286,0,0,0,0
2026-07-18T19:51:57+00:00,512,1,1,224,286,0,0,0,0
2026-07-18T20:02:06+00:00,512,1,1,224,286,0,0,0,0
2026-07-18T20:12:15+00:00,512,1,1,224,286,0,0,0,0
2026-07-18T20:22:24+00:00,512,1,1,224,286,0,0,0,0
2026-07-18T20:32:33+00:00,512,1,1,224,286,0,0,0,0
2026-07-18T20:42:42+00:00,512,1,1,224,286,0,0,0,0
2026-07-18T20:52:51+00:00,512,1,1,224,286,0,0,0,0
2026-07-18T21:03:01+00:00,512,1,1,224,286,0,0,0,0
2026-07-18T21:13:10+00:00,512,1,1,224,286,0,0,0,0
2026-07-18T21:23:19+00:00,512,1,1,224,286,0,0,0,0
2026-07-18T21:33:28+00:00,512,1,1,224,286,0,0,0,0
2026-07-18T21:43:38+00:00,512,1,1,224,286,0,0,0,0
2026-07-18T21:53:47+00:00,512,1,1,224,286,0,0,0,0
2026-07-18T22:03:56+00:00,512,1,1,224,286,0,0,0,0
2026-07-18T22:24:34+00:00,512,1,1,224,286,0,0,0,0
2026-07-18T22:34:43+00:00,512,1,1,224,286,0,0,0,0
2026-07-18T22:44:53+00:00,512,1,1,224,286,0,0,0,0
2026-07-18T22:55:02+00:00,512,1,1,224,286,0,0,0,0
2026-07-18T23:05:11+00:00,512,1,1,224,286,0,0,0,0
2026-07-18T23:15:21+00:00,512,1,1,224,286,0,0,0,0
2026-07-18T23:25:30+00:00,512,1,1,224,286,0,0,0,0
2026-07-18T23:35:40+00:00,512,1,1,224,286,0,0,0,0
2026-07-18T23:45:49+00:00,512,1,1,224,286,0,0,0,0
2026-07-18T23:55:58+00:00,512,1,1,224,286,0,0,0,0
2026-07-19T00:06:08+00:00,512,1,1,224,286,0,0,0,0
2026-07-19T00:16:17+00:00,512,1,1,224,286,0,0,0,0
2026-07-19T00:26:27+00:00,512,1,1,224,286,0,0,0,0
2026-07-19T00:36:36+00:00,512,1,1,224,286,0,0,0,0
2026-07-19T00:46:45+00:00,512,1,1,224,286,0,0,0,0
2026-07-19T00:56:55+00:00,512,1,1,224,286,0,0,0,0
2026-07-19T01:07:04+00:00,512,1,1,224,286,0,0,0,0
2026-07-19T01:17:14+00:00,512,1,1,224,286,0,0,0,0
2026-07-19T01:27:24+00:00,512,1,1,224,286,0,0,0,0
2026-07-19T01:37:33+00:00,512,1,1,224,286,0,0,0,0
2026-07-19T01:47:44+00:00,512,1,1,224,286,0,0,0,0
2026-07-19T01:57:53+00:00,512,1,1,224,286,0,0,0,0
2026-07-19T02:08:03+00:00,512,1,1,224,286,0,0,0,0
2026-07-19T02:18:12+00:00,512,1,1,224,286,0,0,0,0
2026-07-19T02:28:22+00:00,512,1,1,224,286,0,0,0,0
2026-07-19T02:38:31+00:00,512,1,1,224,286,0,0,0,0
2026-07-19T02:48:40+00:00,512,1,1,224,286,0,0,0,0
2026-07-19T02:58:50+00:00,512,1,1,224,286,0,0,0,0
2026-07-19T03:19:27+00:00,512,1,1,224,286,0,0,0,0
2026-07-19T03:29:37+00:00,512,1,1,224,286,0,0,0,0
2026-07-19T03:39:46+00:00,512,1,1,224,286,0,0,0,0
2026-07-19T03:49:56+00:00,512,1,1,224,286,0,0,0,0
2026-07-19T04:00:05+00:00,512,1,1,224,286,0,0,0,0
2026-07-19T04:10:15+00:00,512,1,1,224,286,0,0,0,0
2026-07-19T04:20:24+00:00,512,1,1,224,286,0,0,0,0
2026-07-19T04:30:34+00:00,512,1,1,224,286,0,0,0,0
2026-07-19T04:40:44+00:00,512,1,1,224,286,0,0,0,0
2026-07-19T04:50:53+00:00,512,1,1,224,286,0,0,0,0
2026-07-19T05:01:02+00:00,512,1,1,224,286,0,0,0,0
2026-07-19T05:11:12+00:00,512,1,1,224,286,0,0,0,0
2026-07-19T05:21:21+00:00,512,1,1,224,286,0,0,0,0
2026-07-19T05:31:31+00:00,512,1,1,224,286,0,0,0,0
2026-07-19T05:41:41+00:00,512,1,1,224,286,0,0,0,0
2026-07-19T05:51:50+00:00,512,1,1,224,286,0,0,0,0
2026-07-19T06:02:00+00:00,512,1,1,224,286,0,0,0,0
2026-07-19T06:12:09+00:00,512,1,1,224,286,0,0,0,0
2026-07-19T06:22:19+00:00,512,1,1,224,286,0,0,0,0
2026-07-19T06:32:28+00:00,512,1,1,224,286,0,0,0,0
2026-07-19T06:42:38+00:00,512,1,1,224,286,0,0,0,0
2026-07-19T06:52:47+00:00,512,1,1,224,286,0,0,0,0
2026-07-19T07:02:57+00:00,512,1,1,224,286,0,0,0,0
2026-07-19T07:13:06+00:00,512,1,1,224,286,0,0,0,0
2026-07-19T07:23:16+00:00,512,1,1,224,286,0,0,0,0
2026-07-19T07:33:25+00:00,512,1,1,224,286,0,0,0,0
2026-07-19T07:43:35+00:00,512,1,1,224,286,0,0,0,0
2026-07-19T07:53:44+00:00,512,1,1,224,286,0,0,0,0
2026-07-19T08:14:20+00:00,512,1,1,224,286,0,0,0,0
2026-07-19T08:24:29+00:00,512,1,1,224,286,0,0,0,0
2026-07-19T08:34:38+00:00,512,1,1,224,286,0,0,0,0
2026-07-19T08:44:47+00:00,512,1,1,224,286,0,0,0,0
2026-07-19T08:54:56+00:00,512,1,1,224,286,0,0,0,0
2026-07-19T09:05:05+00:00,512,1,1,224,286,0,0,0,0
2026-07-19T09:15:14+00:00,512,1,1,224,286,0,0,0,0
2026-07-19T09:25:23+00:00,512,1,1,224,286,0,0,0,0
2026-07-19T09:35:32+00:00,512,1,1,224,286,0,0,0,0
2026-07-19T09:45:41+00:00,512,1,1,224,286,0,0,0,0
2026-07-19T09:55:50+00:00,512,1,1,224,286,0,0,0,0
2026-07-19T10:06:00+00:00,512,1,1,224,286,0,0,0,0
2026-07-19T10:16:09+00:00,512,1,1,224,286,0,0,0,0
2026-07-19T10:26:18+00:00,512,1,1,224,286,0,0,0,0
2026-07-19T10:36:28+00:00,512,1,1,224,286,0,0,0,0
2026-07-19T10:46:36+00:00,512,1,1,224,286,0,0,0,0
2026-07-19T10:56:45+00:00,512,1,1,224,286,0,0,0,0
2026-07-19T11:06:54+00:00,512,1,1,224,286,0,0,0,0
2026-07-19T11:17:03+00:00,512,1,1,224,286,0,0,0,0
2026-07-19T11:27:12+00:00,512,1,1,224,286,0,0,0,0
2026-07-19T11:37:21+00:00,512,1,1,224,286,0,0,0,0
2026-07-19T11:47:30+00:00,512,1,1,224,286,0,0,0,0
2026-07-19T11:57:39+00:00,512,1,1,224,286,0,0,0,0
2026-07-19T12:07:48+00:00,512,1,0,225,286,0,0,0,1
2026-07-19T12:17:57+00:00,512,1,0,225,286,0,0,0,0
2026-07-19T12:28:06+00:00,512,1,0,225,286,0,0,0,0
2026-07-19T12:38:15+00:00,512,1,0,225,286,0,0,0,0
2026-07-19T12:48:24+00:00,512,1,0,225,286,0,0,0,0
2026-07-19T13:08:58+00:00,512,1,0,225,286,0,0,0,0
2026-07-19T13:19:06+00:00,512,1,0,225,286,0,0,0,0
2026-07-19T13:29:15+00:00,512,1,0,225,286,0,0,0,0
2026-07-19T13:39:23+00:00,512,1,0,225,286,0,0,0,0
2026-07-19T13:49:31+00:00,512,1,0,225,286,0,0,0,0
2026-07-19T13:59:39+00:00,512,1,0,225,286,0,0,0,0
2026-07-19T14:09:48+00:00,512,1,0,225,286,0,0,0,0
2026-07-19T14:19:56+00:00,512,1,0,225,286,0,0,0,0
2026-07-19T14:30:04+00:00,512,1,0,225,286,0,0,0,0
2026-07-19T14:40:13+00:00,512,1,0,225,286,0,0,0,0
2026-07-19T14:50:22+00:00,512,1,0,225,286,0,0,0,0
2026-07-19T15:00:31+00:00,512,1,0,225,286,0,0,0,0
2026-07-19T15:10:39+00:00,512,1,0,225,286,0,0,0,0
2026-07-19T15:20:48+00:00,512,1,0,225,286,0,0,0,0
2026-07-19T15:30:57+00:00,512,1,0,225,286,0,0,0,0
2026-07-19T15:41:05+00:00,512,1,0,225,286,0,0,0,0
2026-07-19T15:51:14+00:00,512,1,0,225,286,0,0,0,0
2026-07-19T16:01:22+00:00,512,1,0,225,286,0,0,0,0
2026-07-19T16:11:30+00:00,512,1,0,225,286,0,0,0,0
2026-07-19T16:21:38+00:00,512,1,0,225,286,0,0,0,0
2026-07-19T16:31:46+00:00,512,1,0,225,286,0,0,0,0
2026-07-19T16:41:55+00:00,512,1,0,225,286,0,0,0,0
2026-07-19T16:52:03+00:00,512,1,0,225,286,0,0,0,0
2026-07-19T17:02:11+00:00,512,1,0,225,286,0,0,0,0
2026-07-19T17:12:19+00:00,512,1,0,225,286,0,0,0,0
2026-07-19T17:22:28+00:00,512,1,0,225,286,0,0,0,0
2026-07-19T17:32:36+00:00,512,1,0,225,286,0,0,0,0
2026-07-19T17:42:45+00:00,512,1,0,225,286,0,0,0,0
2026-07-19T18:03:23+00:00,512,1,0,225,286,0,0,0,0
2026-07-19T18:13:33+00:00,512,1,0,225,286,0,0,0,0
2026-07-19T18:23:43+00:00,512,1,0,225,286,0,0,0,0
2026-07-19T18:33:53+00:00,512,1,0,225,286,0,0,0,0
2026-07-19T18:44:03+00:00,512,1,0,225,286,0,0,0,0
2026-07-19T18:54:13+00:00,512,1,0,225,286,0,0,0,0
2026-07-19T19:04:23+00:00,512,1,0,225,286,0,0,0,0
2026-07-19T19:14:34+00:00,512,1,0,225,286,0,0,0,0
2026-07-19T19:24:43+00:00,512,1,0,225,286,0,0,0,0
2026-07-19T19:34:53+00:00,512,1,0,225,286,0,0,0,0
2026-07-19T19:45:03+00:00,512,1,0,225,286,0,0,0,0
2026-07-19T19:55:13+00:00,512,1,0,225,286,0,0,0,0
2026-07-19T20:05:23+00:00,512,1,0,225,286,0,0,0,0
2026-07-19T20:15:33+00:00,512,1,0,225,286,0,0,0,0
2026-07-19T20:25:44+00:00,512,1,0,225,286,0,0,0,0
2026-07-19T20:35:54+00:00,512,1,0,225,286,0,0,0,0
2026-07-19T20:46:04+00:00,512,1,0,225,286,0,0,0,0
2026-07-19T20:56:15+00:00,512,1,0,225,286,0,0,0,0
2026-07-19T21:06:25+00:00,512,1,0,225,286,0,0,0,0
2026-07-19T21:16:35+00:00,512,1,0,225,286,0,0,0,0
2026-07-19T21:26:45+00:00,512,1,0,225,286,0,0,0,0
2026-07-19T21:36:55+00:00,512,1,0,225,286,0,0,0,0
2026-07-19T21:47:06+00:00,512,1,0,225,286,0,0,0,0
2026-07-19T21:57:16+00:00,512,1,0,225,286,0,0,0,0
2026-07-19T22:07:26+00:00,512,1,0,225,286,0,0,0,0
2026-07-19T22:17:37+00:00,512,1,0,225,286,0,0,0,0
2026-07-19T22:27:47+00:00,512,1,0,225,286,0,0,0,0
2026-07-19T22:37:58+00:00,512,1,0,225,286,0,0,0,0
2026-07-19T22:58:38+00:00,512,1,0,225,286,0,0,0,0
2026-07-19T23:08:48+00:00,512,1,0,225,286,0,0,0,0
2026-07-19T23:18:59+00:00,512,1,0,225,286,0,0,0,0
2026-07-19T23:29:10+00:00,512,1,0,225,286,0,0,0,0
2026-07-19T23:39:20+00:00,512,1,0,225,286,0,0,0,0
2026-07-19T23:49:31+00:00,512,1,0,225,286,0,0,0,0
2026-07-19T23:59:42+00:00,512,1,0,225,286,0,0,0,0
2026-07-20T00:09:52+00:00,512,1,0,225,286,0,0,0,0
2026-07-20T00:20:03+00:00,512,1,0,225,286,0,0,0,0
2026-07-20T00:30:14+00:00,512,1,0,225,286,0,0,0,0
2026-07-20T00:40:25+00:00,512,1,0,225,286,0,0,0,0
2026-07-20T00:50:37+00:00,512,1,0,225,286,0,0,0,0
2026-07-20T01:00:48+00:00,512,1,0,225,286,0,0,0,0
2026-07-20T01:10:59+00:00,512,1,0,225,286,0,0,0,0
2026-07-20T01:21:10+00:00,512,1,0,225,286,0,0,0,0
2026-07-20T01:31:22+00:00,512,1,0,225,286,0,0,0,0
2026-07-20T01:41:33+00:00,512,1,0,225,286,0,0,0,0
2026-07-20T01:51:45+00:00,512,1,0,225,286,0,0,0,0
2026-07-20T02:01:56+00:00,512,1,0,225,286,0,0,0,0
2026-07-20T02:12:08+00:00,512,1,0,225,286,0,0,0,0
2026-07-20T02:22:19+00:00,512,1,0,225,286,0,0,0,0
2026-07-20T02:32:31+00:00,512,1,0,225,286,0,0,0,0
2026-07-20T02:42:42+00:00,512,1,0,225,286,0,0,0,0
2026-07-20T02:52:54+00:00,512,1,0,225,286,0,0,0,0
2026-07-20T03:03:05+00:00,512,1,0,225,286,0,0,0,0
2026-07-20T03:13:16+00:00,512,1,0,225,286,0,0,0,0
2026-07-20T03:23:27+00:00,512,1,0,225,286,0,0,0,0
2026-07-20T03:33:39+00:00,512,1,0,225,286,0,0,0,0
2026-07-20T03:54:15+00:00,512,1,0,225,286,0,0,0,0
2026-07-20T04:04:24+00:00,512,1,0,225,286,0,0,0,0
2026-07-20T04:14:34+00:00,512,1,0,225,286,0,0,0,0
2026-07-20T04:24:44+00:00,512,1,0,225,286,0,0,0,0
2026-07-20T04:34:53+00:00,512,1,0,225,286,0,0,0,0
2026-07-20T04:45:03+00:00,512,1,0,225,286,0,0,0,0
2026-07-20T04:55:12+00:00,512,1,0,225,286,0,0,0,0
2026-07-20T05:05:22+00:00,512,1,0,225,286,0,0,0,0
2026-07-20T05:11:28+00:00,512,1,0,225,286,0,0,0,0
2026-07-20T05:11:59+00:00,512,1,0,225,286,0,0,0,0
2026-07-20T05:12:38+00:00,512,1,0,225,286,0,0,0,0
2026-07-20T05:25:40+00:00,512,1,0,225,286,0,0,0,0
2026-07-20T05:35:50+00:00,512,1,0,225,286,0,0,0,0
2026-07-20T05:46:00+00:00,512,1,0,225,286,0,0,0,0
2026-07-20T05:56:11+00:00,512,1,0,225,286,0,0,0,0
2026-07-20T06:06:21+00:00,512,1,0,225,286,0,0,0,0
2026-07-20T06:16:32+00:00,512,1,0,225,286,0,0,0,0
2026-07-20T06:26:42+00:00,512,1,0,225,286,0,0,0,0
2026-07-20T06:36:52+00:00,512,1,0,225,286,0,0,0,0
2026-07-20T06:47:02+00:00,512,1,0,225,286,0,0,0,0
2026-07-20T06:57:12+00:00,512,1,0,225,286,0,0,0,0
2026-07-20T07:07:23+00:00,512,1,0,225,286,0,0,0,0
2026-07-20T07:17:32+00:00,512,1,0,225,286,0,0,0,0
2026-07-20T07:27:42+00:00,512,1,0,225,286,0,0,0,0
2026-07-20T07:37:52+00:00,512,1,0,225,286,0,0,0,0
2026-07-20T07:48:02+00:00,512,1,0,225,286,0,0,0,0
2026-07-20T07:58:12+00:00,512,1,0,225,286,0,0,0,0
2026-07-20T08:08:22+00:00,511,0,0,225,286,0,0,0,1
2026-07-20T08:18:32+00:00,511,0,0,225,286,0,0,0,0
2026-07-20T08:28:42+00:00,511,0,0,225,286,0,0,0,0
2026-07-20T08:49:19+00:00,511,0,0,225,286,0,0,0,0
2026-07-20T08:59:29+00:00,511,0,0,225,286,0,0,0,0
2026-07-20T09:09:39+00:00,511,0,0,225,286,0,0,0,0
2026-07-20T09:19:50+00:00,511,0,0,225,286,0,0,0,0
2026-07-20T09:30:00+00:00,511,0,0,225,286,0,0,0,0
2026-07-20T09:40:10+00:00,511,0,0,225,286,0,0,0,0
2026-07-20T09:50:20+00:00,511,0,0,225,286,0,0,0,0
2026-07-20T10:00:29+00:00,511,0,0,225,286,0,0,0,0
2026-07-20T10:10:40+00:00,511,0,0,225,286,0,0,0,0
2026-07-20T10:20:50+00:00,511,0,0,225,286,0,0,0,0
2026-07-20T10:31:00+00:00,511,0,0,225,286,0,0,0,0
2026-07-20T10:41:10+00:00,511,0,0,225,286,0,0,0,0
2026-07-20T10:51:19+00:00,511,0,0,225,286,0,0,0,0
2026-07-20T11:01:30+00:00,512,0,0,226,286,0,0,0,1
2026-07-20T11:11:40+00:00,512,0,0,226,286,0,0,0,0
2026-07-20T11:21:50+00:00,512,0,0,226,286,0,0,0,0
2026-07-20T11:32:01+00:00,512,0,0,226,286,0,0,0,0
2026-07-20T11:42:11+00:00,512,0,0,226,286,0,0,0,0
2026-07-20T11:52:21+00:00,512,0,0,226,286,0,0,0,0
2026-07-20T12:02:32+00:00,512,0,0,226,286,0,0,0,0
2026-07-20T12:12:42+00:00,512,0,0,226,286,0,0,0,0
2026-07-20T12:22:53+00:00,512,0,0,226,286,0,0,0,0
2026-07-20T12:33:03+00:00,512,0,0,226,286,0,0,0,0
2026-07-20T12:43:13+00:00,512,0,0,226,286,0,0,0,0
2026-07-20T12:53:23+00:00,512,0,0,226,286,0,0,0,0
2026-07-20T13:03:33+00:00,512,0,0,226,286,0,0,0,0
2026-07-20T13:13:44+00:00,512,0,0,226,286,0,0,0,0
2026-07-20T13:23:54+00:00,512,0,0,226,286,0,0,0,0
2026-07-20T13:44:30+00:00,512,0,0,226,286,0,0,0,0
2026-07-20T13:54:40+00:00,512,0,0,226,286,0,0,0,0
2026-07-20T14:04:50+00:00,512,0,0,226,286,0,0,0,0
2026-07-20T14:15:01+00:00,512,0,0,226,286,0,0,0,0
2026-07-20T14:25:12+00:00,512,0,0,226,286,0,0,0,0
2026-07-20T14:35:21+00:00,512,0,0,226,286,0,0,0,0
2026-07-20T14:45:32+00:00,512,0,0,226,286,0,0,0,0
2026-07-20T14:55:42+00:00,512,0,0,226,286,0,0,0,0
2026-07-20T15:05:52+00:00,512,0,0,226,286,0,0,0,0
2026-07-20T15:16:02+00:00,512,0,0,226,286,0,0,0,0
2026-07-20T15:26:13+00:00,512,0,0,226,286,0,0,0,0
2026-07-20T15:36:23+00:00,512,0,0,226,286,0,0,0,0
2026-07-20T15:46:34+00:00,512,0,0,226,286,0,0,0,0
2026-07-20T15:56:44+00:00,512,0,0,226,286,0,0,0,0
2026-07-20T16:06:55+00:00,512,0,0,226,286,0,0,0,0
2026-07-20T16:17:06+00:00,512,0,0,226,286,0,0,0,0
2026-07-20T16:27:17+00:00,512,0,0,226,286,0,0,0,0
2026-07-20T16:37:27+00:00,512,0,0,226,286,0,0,0,0
2026-07-20T16:47:38+00:00,512,0,0,226,286,0,0,0,0
2026-07-20T16:57:49+00:00,512,0,0,226,286,0,0,0,0
2026-07-20T17:08:00+00:00,512,0,0,226,286,0,0,0,0
2026-07-20T17:18:11+00:00,512,0,0,226,286,0,0,0,0
2026-07-20T17:28:21+00:00,512,0,0,226,286,0,0,0,0
2026-07-20T17:38:33+00:00,512,0,0,226,286,0,0,0,0
2026-07-20T17:48:43+00:00,512,0,0,226,286,0,0,0,0
2026-07-20T17:58:53+00:00,512,0,0,226,286,0,0,0,0
2026-07-20T18:09:04+00:00,512,0,0,226,286,0,0,0,0
2026-07-20T18:19:14+00:00,512,0,0,226,286,0,0,0,0
2026-07-20T18:39:52+00:00,512,0,0,226,286,0,0,0,0
2026-07-20T18:50:03+00:00,512,0,0,226,286,0,0,0,0
2026-07-20T19:00:14+00:00,512,0,0,226,286,0,0,0,0
2026-07-20T19:10:26+00:00,512,0,0,226,286,0,0,0,0
2026-07-20T19:20:37+00:00,512,0,0,226,286,0,0,0,0
2026-07-20T19:30:49+00:00,512,0,0,226,286,0,0,0,0
2026-07-20T19:41:00+00:00,512,0,0,226,286,0,0,0,0
2026-07-20T19:51:12+00:00,512,0,0,226,286,0,0,0,0
2026-07-20T20:01:23+00:00,512,0,0,226,286,0,0,0,0
2026-07-20T20:11:34+00:00,512,0,0,226,286,0,0,0,0
2026-07-20T20:21:45+00:00,512,0,0,226,286,0,0,0,0
2026-07-20T20:31:57+00:00,512,0,0,226,286,0,0,0,0
2026-07-20T20:42:09+00:00,512,0,0,226,286,0,0,0,0
2026-07-20T20:52:20+00:00,512,0,0,226,286,0,0,0,0
2026-07-20T21:02:31+00:00,512,0,0,226,286,0,0,0,0
2026-07-20T21:12:43+00:00,512,0,0,226,286,0,0,0,0
2026-07-20T21:22:55+00:00,512,0,0,226,286,0,0,0,0
2026-07-20T21:33:07+00:00,512,0,0,226,286,0,0,0,0
2026-07-20T21:43:19+00:00,512,0,0,226,286,0,0,0,0
2026-07-20T21:53:30+00:00,512,0,0,226,286,0,0,0,0
2026-07-20T22:03:42+00:00,512,0,0,226,286,0,0,0,0
2026-07-20T22:13:53+00:00,512,0,0,226,286,0,0,0,0
2026-07-20T22:24:05+00:00,512,0,0,226,286,0,0,0,0
2026-07-20T22:34:20+00:00,512,0,0,226,286,0,0,0,0
2026-07-20T22:44:32+00:00,512,0,0,226,286,0,0,0,0
2026-07-20T22:54:43+00:00,512,0,0,226,286,0,0,0,0
2026-07-20T23:04:54+00:00,512,0,0,226,286,0,0,0,0
2026-07-20T23:15:06+00:00,512,0,0,226,286,0,0,0,0
2026-07-20T23:35:44+00:00,512,0,0,226,286,0,0,0,0
2026-07-20T23:45:55+00:00,512,0,0,226,286,0,0,0,0
2026-07-20T23:56:06+00:00,512,0,0,226,286,0,0,0,0
2026-07-21T00:06:16+00:00,512,0,0,226,286,0,0,0,0
2026-07-21T00:16:27+00:00,512,0,0,226,286,0,0,0,0
2026-07-21T00:26:38+00:00,512,0,0,226,286,0,0,0,0
2026-07-21T00:36:49+00:00,512,0,0,226,286,0,0,0,0
2026-07-21T00:46:59+00:00,512,0,0,226,286,0,0,0,0
2026-07-21T00:57:10+00:00,512,0,0,226,286,0,0,0,0
2026-07-21T01:07:21+00:00,512,0,0,226,286,0,0,0,0
2026-07-21T01:17:32+00:00,512,0,0,226,286,0,0,0,0
2026-07-21T01:27:43+00:00,512,0,0,226,286,0,0,0,0
2026-07-21T01:37:54+00:00,512,0,0,226,286,0,0,0,0
2026-07-21T01:48:04+00:00,512,0,0,226,286,0,0,0,0
2026-07-21T01:58:15+00:00,512,0,0,226,286,0,0,0,0
2026-07-21T02:08:27+00:00,512,0,0,226,286,0,0,0,0
2026-07-21T02:18:38+00:00,512,0,0,226,286,0,0,0,0
2026-07-21T02:28:49+00:00,512,0,0,226,286,0,0,0,0
2026-07-21T02:39:00+00:00,512,0,0,226,286,0,0,0,0
2026-07-21T02:49:11+00:00,512,0,0,226,286,0,0,0,0
2026-07-21T02:59:23+00:00,512,0,0,226,286,0,0,0,0
2026-07-21T03:09:34+00:00,512,0,0,226,286,0,0,0,0
2026-07-21T03:19:45+00:00,512,0,0,226,286,0,0,0,0
2026-07-21T03:29:56+00:00,512,0,0,226,286,0,0,0,0
2026-07-21T03:40:07+00:00,512,0,0,226,286,0,0,0,0
2026-07-21T03:50:18+00:00,512,0,0,226,286,0,0,0,0
2026-07-21T04:00:29+00:00,512,0,0,226,286,0,0,0,0
2026-07-21T04:10:40+00:00,512,0,0,226,286,0,0,0,0
2026-07-21T04:31:16+00:00,512,0,0,226,286,0,0,0,0
2026-07-21T04:41:25+00:00,512,0,0,226,286,0,0,0,0
2026-07-21T04:51:36+00:00,512,0,0,226,286,0,0,0,0
2026-07-21T05:01:46+00:00,512,0,0,226,286,0,0,0,0
2026-07-21T05:11:56+00:00,512,0,0,226,286,0,0,0,0
2026-07-21T05:22:05+00:00,512,0,0,226,286,0,0,0,0
2026-07-21T05:32:15+00:00,512,0,0,226,286,0,1,0,1
