ts,inst_id,ccy,interval_h,funding_rate,cap,floor,at_cap_live,at_cap_sett,borrowable,borrow_rate,borrow_quota,perp_last,spot_last
2026-07-23T07:13:27+00:00,O-USD_UM_XPERP-310620,O,4.0,-0.01,0.01,-0.01,True,False,False,,0.0,0.6478,
2026-07-23T07:31:50+00:00,O-USD_UM_XPERP-310620,O,4.0,-0.01,0.01,-0.01,True,False,False,,0.0,0.6428,
2026-07-23T07:42:14+00:00,O-USD_UM_XPERP-310620,O,4.0,-0.01,0.01,-0.01,True,False,False,,0.0,0.6432,
2026-07-23T07:52:38+00:00,O-USD_UM_XPERP-310620,O,4.0,-0.01,0.01,-0.01,True,False,False,,0.0,0.6432,
2026-07-23T08:03:02+00:00,O-USD_UM_XPERP-310620,O,4.0,-0.01,0.01,-0.01,True,True,False,,0.0,0.627,
2026-07-23T08:13:26+00:00,O-USD_UM_XPERP-310620,O,4.0,-0.01,0.01,-0.01,True,True,False,,0.0,0.6307,
2026-07-23T08:23:50+00:00,O-USD_UM_XPERP-310620,O,4.0,-0.01,0.01,-0.01,True,True,False,,0.0,0.6214,
2026-07-23T08:34:14+00:00,O-USD_UM_XPERP-310620,O,4.0,-0.01,0.01,-0.01,True,True,False,,0.0,0.6306,
2026-07-23T08:44:39+00:00,O-USD_UM_XPERP-310620,O,4.0,-0.01,0.01,-0.01,True,True,False,,0.0,0.6294,
2026-07-23T08:55:03+00:00,O-USD_UM_XPERP-310620,O,4.0,-0.01,0.01,-0.01,True,True,False,,0.0,0.629,
2026-07-23T09:05:27+00:00,O-USD_UM_XPERP-310620,O,4.0,-0.01,0.01,-0.01,True,True,False,,0.0,0.621,
2026-07-23T09:15:52+00:00,O-USD_UM_XPERP-310620,O,4.0,-0.01,0.01,-0.01,True,True,False,,0.0,0.6218,
2026-07-23T09:26:16+00:00,O-USD_UM_XPERP-310620,O,4.0,-0.01,0.01,-0.01,True,True,False,,0.0,0.6244,
2026-07-23T09:36:41+00:00,O-USD_UM_XPERP-310620,O,4.0,-0.01,0.01,-0.01,True,True,False,,0.0,0.6241,
2026-07-23T09:47:05+00:00,O-USD_UM_XPERP-310620,O,4.0,-0.0099375443229131,0.01,-0.01,True,True,False,,0.0,0.6262,
2026-07-23T09:57:29+00:00,O-USD_UM_XPERP-310620,O,4.0,-0.009662541456159,0.01,-0.01,False,True,False,,0.0,0.6285,
2026-07-23T10:07:54+00:00,BARD-USDT-SWAP,BARD,4.0,-0.01,0.01,-0.01,True,False,True,0.0063288,19200.0,0.1401,0.1481
2026-07-23T10:07:54+00:00,O-USD_UM_XPERP-310620,O,4.0,-0.009704808066719,0.01,-0.01,False,True,False,,0.0,0.6313,
2026-07-23T10:18:19+00:00,BARD-USDT-SWAP,BARD,4.0,-0.01,0.01,-0.01,True,False,True,0.0063288,19200.0,0.1394,0.1459
2026-07-23T10:18:19+00:00,O-USD_UM_XPERP-310620,O,4.0,-0.0098334040624617,0.01,-0.01,False,True,False,,0.0,0.628,
2026-07-23T10:39:28+00:00,BARD-USDT-SWAP,BARD,4.0,-0.01,0.01,-0.01,True,False,True,0.0063288,19200.0,0.1351,0.1386
2026-07-23T10:39:28+00:00,O-USD_UM_XPERP-310620,O,4.0,-0.0099979112332012,0.01,-0.01,True,True,False,,0.0,0.6143,
2026-07-23T10:49:54+00:00,BARD-USDT-SWAP,BARD,4.0,-0.01,0.01,-0.01,True,False,True,0.0063288,19200.0,0.1349,0.1374
2026-07-23T10:49:54+00:00,O-USD_UM_XPERP-310620,O,4.0,-0.01,0.01,-0.01,True,True,False,,0.0,0.6143,
2026-07-23T11:00:21+00:00,BARD-USDT-SWAP,BARD,4.0,-0.01,0.01,-0.01,True,False,True,0.0063288,19200.0,0.1338,0.136
2026-07-23T11:00:21+00:00,O-USD_UM_XPERP-310620,O,4.0,-0.01,0.01,-0.01,True,True,False,,0.0,0.6143,
2026-07-23T11:10:46+00:00,BARD-USDT-SWAP,BARD,4.0,-0.01,0.01,-0.01,True,False,True,0.0063288,19200.0,0.1362,0.1421
2026-07-23T11:10:46+00:00,O-USD_UM_XPERP-310620,O,4.0,-0.01,0.01,-0.01,True,True,False,,0.0,0.6143,
2026-07-23T11:21:12+00:00,BARD-USDT-SWAP,BARD,4.0,-0.01,0.01,-0.01,True,False,True,0.0063288,19200.0,0.1349,0.1384
2026-07-23T11:21:12+00:00,O-USD_UM_XPERP-310620,O,4.0,-0.0099952871837334,0.01,-0.01,True,True,False,,0.0,0.6086,
2026-07-23T11:31:38+00:00,BARD-USDT-SWAP,BARD,4.0,-0.01,0.01,-0.01,True,False,True,0.0063288,19200.0,0.1343,0.1375
2026-07-23T11:31:38+00:00,O-USD_UM_XPERP-310620,O,4.0,-0.0097921986583592,0.01,-0.01,False,True,False,,0.0,0.603,
2026-07-23T11:42:05+00:00,BARD-USDT-SWAP,BARD,4.0,-0.01,0.01,-0.01,True,False,True,0.0063288,19200.0,0.1343,0.1373
2026-07-23T11:42:05+00:00,O-USD_UM_XPERP-310620,O,4.0,-0.0096646971027626,0.01,-0.01,False,True,False,,0.0,0.603,
2026-07-23T11:52:31+00:00,BARD-USDT-SWAP,BARD,4.0,-0.01,0.01,-0.01,True,False,True,0.0063288,19200.0,0.1327,0.1345
2026-07-23T11:52:31+00:00,O-USD_UM_XPERP-310620,O,4.0,-0.0094417762193385,0.01,-0.01,False,True,False,,0.0,0.5974,
2026-07-23T12:02:56+00:00,BARD-USDT-SWAP,BARD,2.0,-0.0054954928075951,0.01,-0.01,False,True,True,0.00630144,19200.0,0.1323,0.136
2026-07-23T12:02:56+00:00,O-USDT-SWAP,O,2.0,-0.0050982724633876,0.01,-0.01,False,False,False,,0.0,0.5926,
2026-07-23T12:13:22+00:00,BARD-USDT-SWAP,BARD,2.0,-0.0051100232935285,0.01,-0.01,False,True,True,0.00630144,19200.0,0.1303,0.1329
2026-07-23T12:13:22+00:00,O-USD_UM_XPERP-310620,O,4.0,-0.01,0.01,-0.01,True,False,False,,0.0,0.5997,
2026-07-23T12:23:48+00:00,BARD-USDT-SWAP,BARD,2.0,-0.0048215969652427,0.01,-0.01,False,True,True,0.00630144,19200.0,0.1307,0.1331
2026-07-23T12:23:48+00:00,O-USD_UM_XPERP-310620,O,4.0,-0.01,0.01,-0.01,True,False,False,,0.0,0.5903,
2026-07-23T12:34:15+00:00,BARD-USDT-SWAP,BARD,2.0,-0.0045660345020443,0.01,-0.01,False,True,True,0.00630144,19200.0,0.1302,0.1318
2026-07-23T12:34:15+00:00,O-USD_UM_XPERP-310620,O,4.0,-0.01,0.01,-0.01,True,False,False,,0.0,0.5833,
2026-07-23T12:44:41+00:00,BARD-USDT-SWAP,BARD,2.0,-0.0042827630561198,0.01,-0.01,False,True,True,0.00630144,19200.0,0.1289,0.1307
2026-07-23T12:44:41+00:00,O-USD_UM_XPERP-310620,O,4.0,-0.01,0.01,-0.01,True,False,False,,0.0,0.5809,
2026-07-23T12:51:29+00:00,BARD-USDT-SWAP,BARD,2.0,-0.0040221234686677,0.01,-0.01,False,True,True,0.00630144,19200.0,0.1283,0.1296
2026-07-23T12:51:29+00:00,O-USDT-SWAP,O,2.0,-0.0053819913784048,0.01,-0.01,False,False,False,,0.0,0.5756,
2026-07-23T13:01:56+00:00,BARD-USDT-SWAP,BARD,2.0,-0.0036546466219501,0.01,-0.01,False,True,True,0.00624672,19200.0,0.1282,0.1301
2026-07-23T13:01:56+00:00,O-USDT-SWAP,O,2.0,-0.0051039650791833,0.01,-0.01,False,False,False,,0.0,0.5676,
2026-07-23T13:12:27+00:00,BARD-USDT-SWAP,BARD,2.0,-0.0032732886987689,0.01,-0.01,False,True,True,0.00624672,19200.0,0.127,0.1282
2026-07-23T13:12:27+00:00,O-USDT-SWAP,O,2.0,-0.0048097305120312,0.01,-0.01,False,False,False,,0.0,0.5728,
2026-07-23T13:22:55+00:00,BARD-USDT-SWAP,BARD,2.0,-0.0029598259114006,0.01,-0.01,False,True,True,0.00624672,19200.0,0.1276,0.129
2026-07-23T13:22:55+00:00,O-USDT-SWAP,O,2.0,-0.0045236821301379,0.01,-0.01,False,False,False,,0.0,0.5753,
2026-07-23T13:33:23+00:00,BARD-USDT-SWAP,BARD,2.0,-0.002561797883865,0.01,-0.01,False,True,True,0.00624672,19200.0,0.1274,0.1283
2026-07-23T13:33:23+00:00,O-USDT-SWAP,O,2.0,-0.004230428661402,0.01,-0.01,False,False,False,,0.0,0.5729,
2026-07-23T13:43:52+00:00,BARD-USDT-SWAP,BARD,2.0,-0.002275692424607,0.01,-0.01,False,True,True,0.00624672,19200.0,0.1271,0.1284
2026-07-23T13:43:52+00:00,O-USDT-SWAP,O,2.0,-0.0038701321188471,0.01,-0.01,False,False,False,,0.0,0.5803,
2026-07-23T13:54:20+00:00,BARD-USDT-SWAP,BARD,2.0,-0.0021062726494714,0.01,-0.01,False,True,True,0.00624672,19200.0,0.1276,0.129
2026-07-23T13:54:20+00:00,O-USDT-SWAP,O,2.0,-0.0036144827425139,0.01,-0.01,False,False,False,,0.0,0.5775,
2026-07-23T14:04:48+00:00,BARD-USDT-SWAP,BARD,2.0,-0.0020815245058108,0.01,-0.01,False,False,True,0.00591792,19200.0,0.127,0.1283
2026-07-23T14:04:48+00:00,O-USDT-SWAP,O,2.0,-0.003473915978864,0.01,-0.01,False,False,False,,0.0,0.576,
2026-07-23T14:15:15+00:00,BARD-USDT-SWAP,BARD,2.0,-0.0020789825498499,0.01,-0.01,False,False,True,0.00591792,19200.0,0.1259,0.1273
2026-07-23T14:15:15+00:00,O-USDT-SWAP,O,2.0,-0.0033394824601812,0.01,-0.01,False,False,False,,0.0,0.5675,
2026-07-23T14:25:43+00:00,BARD-USDT-SWAP,BARD,2.0,-0.002107518533873,0.01,-0.01,False,False,True,0.00591792,19200.0,0.1274,0.1292
2026-07-23T14:25:43+00:00,O-USDT-SWAP,O,2.0,-0.0031090537930377,0.01,-0.01,False,False,False,,0.0,0.568,
2026-07-23T14:36:12+00:00,BARD-USDT-SWAP,BARD,2.0,-0.0022764537858564,0.01,-0.01,False,False,True,0.00591792,19200.0,0.1286,0.1315
2026-07-23T14:36:12+00:00,O-USDT-SWAP,O,2.0,-0.0029451818321557,0.01,-0.01,False,False,False,,0.0,0.5555,
2026-07-23T14:46:40+00:00,BARD-USDT-SWAP,BARD,2.0,-0.0032936280504918,0.01,-0.01,False,False,True,0.00591792,19200.0,0.1295,0.1347
2026-07-23T14:46:40+00:00,O-USDT-SWAP,O,2.0,-0.0028423547457332,0.01,-0.01,False,False,False,,0.0,0.5583,
2026-07-23T14:57:08+00:00,BARD-USDT-SWAP,BARD,2.0,-0.0038839993048498,0.01,-0.01,False,False,True,0.00591792,19200.0,0.1297,0.1328
2026-07-23T14:57:08+00:00,O-USDT-SWAP,O,2.0,-0.0027822204067172,0.01,-0.01,False,False,False,,0.0,0.5625,
2026-07-23T15:07:37+00:00,BARD-USDT-SWAP,BARD,2.0,-0.0039828308029734,0.01,-0.01,False,False,True,0.00583584,19200.0,0.128,0.129
2026-07-23T15:07:37+00:00,O-USDT-SWAP,O,2.0,-0.0027475927093567,0.01,-0.01,False,False,False,,0.0,0.5628,
2026-07-23T15:18:05+00:00,BARD-USDT-SWAP,BARD,2.0,-0.0036854145310663,0.01,-0.01,False,False,True,0.00583584,19200.0,0.1275,0.1288
2026-07-23T15:18:05+00:00,O-USDT-SWAP,O,2.0,-0.0027221102517634,0.01,-0.01,False,False,False,,0.0,0.5654,
2026-07-23T15:28:33+00:00,BARD-USDT-SWAP,BARD,2.0,-0.0033829836396932,0.01,-0.01,False,False,True,0.00583584,19200.0,0.1276,0.1285
2026-07-23T15:28:33+00:00,O-USDT-SWAP,O,2.0,-0.0026623919333317,0.01,-0.01,False,False,False,,0.0,0.5649,
2026-07-23T15:39:02+00:00,BARD-USDT-SWAP,BARD,2.0,-0.0031156836525781,0.01,-0.01,False,False,True,0.00583584,19200.0,0.1267,0.1277
2026-07-23T15:39:02+00:00,O-USDT-SWAP,O,2.0,-0.0026090556547195,0.01,-0.01,False,False,False,,0.0,0.5676,
2026-07-23T15:49:30+00:00,BARD-USDT-SWAP,BARD,2.0,-0.0028307120982463,0.01,-0.01,False,False,True,0.00583584,19200.0,0.1272,0.1284
2026-07-23T15:49:30+00:00,O-USDT-SWAP,O,2.0,-0.0025468564518171,0.01,-0.01,False,False,False,,0.0,0.5741,
2026-07-23T15:59:59+00:00,BARD-USDT-SWAP,BARD,2.0,-0.0024574415354783,0.01,-0.01,False,False,True,0.00583584,19200.0,0.1267,0.1274
2026-07-23T15:59:59+00:00,O-USDT-SWAP,O,2.0,-0.002510445415449,0.01,-0.01,False,False,False,,0.0,0.5623,
2026-07-23T16:10:27+00:00,BARD-USDT-SWAP,BARD,2.0,-0.0021747025613013,0.01,-0.01,False,False,True,0.00575352,19200.0,0.1268,0.1277
2026-07-23T16:10:27+00:00,O-USDT-SWAP,O,2.0,-0.0024656140976086,0.01,-0.01,False,False,False,,0.0,0.5581,
2026-07-23T16:20:55+00:00,BARD-USDT-SWAP,BARD,2.0,-0.0019247174337587,0.01,-0.01,False,False,True,0.00575352,19200.0,0.1264,0.1279
2026-07-23T16:20:55+00:00,O-USDT-SWAP,O,2.0,-0.002444014819673,0.01,-0.01,False,False,False,,0.0,0.5546,
2026-07-23T16:31:24+00:00,BARD-USDT-SWAP,BARD,2.0,-0.0016871312598634,0.01,-0.01,False,False,True,0.00575352,19200.0,0.1276,0.1286
2026-07-23T16:31:24+00:00,O-USDT-SWAP,O,2.0,-0.002374666492714,0.01,-0.01,False,False,False,,0.0,0.5583,
2026-07-23T16:41:52+00:00,BARD-USDT-SWAP,BARD,2.0,-0.0015291533493635,0.01,-0.01,False,False,True,0.00575352,19200.0,0.1283,0.1295
2026-07-23T16:41:52+00:00,O-USDT-SWAP,O,2.0,-0.0023313386988779,0.01,-0.01,False,False,False,,0.0,0.5589,
2026-07-23T16:52:21+00:00,BARD-USDT-SWAP,BARD,2.0,-0.0015493226201491,0.01,-0.01,False,False,True,0.00575352,19200.0,0.1282,0.1295
2026-07-23T16:52:21+00:00,O-USDT-SWAP,O,2.0,-0.0022674184062893,0.01,-0.01,False,False,False,,0.0,0.5597,
2026-07-23T17:02:49+00:00,BARD-USDT-SWAP,BARD,2.0,-0.0017051097209531,0.01,-0.01,False,False,True,0.00572616,19200.0,0.1278,0.1299
2026-07-23T17:02:49+00:00,O-USDT-SWAP,O,2.0,-0.0022176759976743,0.01,-0.01,False,False,False,,0.0,0.5616,
2026-07-23T17:13:17+00:00,BARD-USDT-SWAP,BARD,2.0,-0.001897882599591,0.01,-0.01,False,False,True,0.00572616,19200.0,0.1274,0.1289
2026-07-23T17:13:17+00:00,O-USDT-SWAP,O,2.0,-0.00217480754757,0.01,-0.01,False,False,False,,0.0,0.5633,
2026-07-23T17:23:46+00:00,BARD-USDT-SWAP,BARD,2.0,-0.001945316381184,0.01,-0.01,False,False,True,0.00572616,19200.0,0.1275,0.1287
2026-07-23T17:23:46+00:00,O-USDT-SWAP,O,2.0,-0.0020926607072195,0.01,-0.01,False,False,False,,0.0,0.5706,
2026-07-23T17:34:15+00:00,BARD-USDT-SWAP,BARD,2.0,-0.0018731576550715,0.01,-0.01,False,False,True,0.00572616,19200.0,0.1268,0.1277
2026-07-23T17:34:15+00:00,O-USDT-SWAP,O,2.0,-0.002036192660472,0.01,-0.01,False,False,False,,0.0,0.5706,
2026-07-23T17:55:23+00:00,BARD-USDT-SWAP,BARD,2.0,-0.0016772048526571,0.01,-0.01,False,False,True,0.00572616,19200.0,0.1269,0.1282
2026-07-23T17:55:23+00:00,O-USDT-SWAP,O,2.0,-0.0020106870059824,0.01,-0.01,False,False,False,,0.0,0.5707,
2026-07-23T18:05:49+00:00,BARD-USDT-SWAP,BARD,2.0,-0.0016111689782103,0.01,-0.01,False,False,True,0.00572616,19200.0,0.1256,0.1267
2026-07-23T18:05:49+00:00,O-USDT-SWAP,O,2.0,-0.0019669749263792,0.01,-0.01,False,False,False,,0.0,0.5644,
2026-07-23T18:16:15+00:00,BARD-USDT-SWAP,BARD,2.0,-0.0015193928370331,0.01,-0.01,False,False,True,0.00572616,19200.0,0.1261,0.127
2026-07-23T18:16:15+00:00,O-USDT-SWAP,O,2.0,-0.0019036554613463,0.01,-0.01,False,False,False,,0.0,0.5605,
2026-07-23T18:26:41+00:00,BARD-USDT-SWAP,BARD,2.0,-0.0014285180052539,0.01,-0.01,False,False,True,0.00572616,19200.0,0.1264,0.1278
2026-07-23T18:26:41+00:00,O-USDT-SWAP,O,2.0,-0.0018070384179488,0.01,-0.01,False,False,False,,0.0,0.5604,
2026-07-23T18:37:08+00:00,BARD-USDT-SWAP,BARD,2.0,-0.0013917434732549,0.01,-0.01,False,False,True,0.00572616,19200.0,0.1266,0.1277
2026-07-23T18:37:08+00:00,O-USDT-SWAP,O,2.0,-0.0017146165699486,0.01,-0.01,False,False,False,,0.0,0.5615,
2026-07-23T18:47:35+00:00,BARD-USDT-SWAP,BARD,2.0,-0.0013167421644413,0.01,-0.01,False,False,True,0.00572616,19200.0,0.1268,0.1278
2026-07-23T18:47:35+00:00,O-USDT-SWAP,O,2.0,-0.0015835365030339,0.01,-0.01,False,False,False,,0.0,0.565,
2026-07-23T18:58:02+00:00,BARD-USDT-SWAP,BARD,2.0,-0.0013056049755897,0.01,-0.01,False,False,True,0.00572616,19200.0,0.1268,0.1281
2026-07-23T18:58:02+00:00,O-USDT-SWAP,O,2.0,-0.0014202592203945,0.01,-0.01,False,False,False,,0.0,0.568,
2026-07-23T19:08:29+00:00,BARD-USDT-SWAP,BARD,2.0,-0.0013239900996743,0.01,-0.01,False,False,True,0.00572616,19200.0,0.1267,0.128
2026-07-23T19:08:29+00:00,O-USDT-SWAP,O,2.0,-0.0013249824173971,0.01,-0.01,False,False,False,,0.0,0.5659,
2026-07-23T19:18:56+00:00,BARD-USDT-SWAP,BARD,2.0,-0.0013524148966831,0.01,-0.01,False,False,True,0.00572616,19200.0,0.1266,0.1275
2026-07-23T19:18:56+00:00,O-USDT-SWAP,O,2.0,-0.0012639912323642,0.01,-0.01,False,False,False,,0.0,0.5644,
2026-07-23T19:29:23+00:00,BARD-USDT-SWAP,BARD,2.0,-0.0013389536604703,0.01,-0.01,False,False,True,0.00572616,19200.0,0.1269,0.1279
2026-07-23T19:29:23+00:00,O-USDT-SWAP,O,2.0,-0.0011211320021712,0.01,-0.01,False,False,False,,0.0,0.5658,
2026-07-23T19:39:50+00:00,BARD-USDT-SWAP,BARD,2.0,-0.0013327348845679,0.01,-0.01,False,False,True,0.00572616,19200.0,0.127,0.1283
2026-07-23T19:39:50+00:00,O-USDT-SWAP,O,2.0,-0.0011108840102372,0.01,-0.01,False,False,False,,0.0,0.5687,
2026-07-23T19:50:17+00:00,BARD-USDT-SWAP,BARD,2.0,-0.0013414100951626,0.01,-0.01,False,False,True,0.00572616,19200.0,0.126,0.1268
2026-07-23T19:50:17+00:00,O-USDT-SWAP,O,2.0,-0.001156974293385,0.01,-0.01,False,False,False,,0.0,0.5665,
2026-07-23T20:00:44+00:00,BARD-USDT-SWAP,BARD,2.0,-0.0012730467326184,0.01,-0.01,False,False,True,0.00572616,19200.0,0.1264,0.1273
2026-07-23T20:00:44+00:00,O-USDT-SWAP,O,2.0,-0.0012110952177964,0.01,-0.01,False,False,False,,0.0,0.5664,
2026-07-23T20:11:11+00:00,BARD-USDT-SWAP,BARD,2.0,-0.001248909480336,0.01,-0.01,False,False,True,0.00572616,19200.0,0.1277,0.1288
2026-07-23T20:11:11+00:00,O-USDT-SWAP,O,2.0,-0.0012054950727592,0.01,-0.01,False,False,False,,0.0,0.5614,
2026-07-23T20:21:39+00:00,BARD-USDT-SWAP,BARD,2.0,-0.0012449696668806,0.01,-0.01,False,False,True,0.00572616,19200.0,0.1271,0.1281
2026-07-23T20:21:39+00:00,O-USDT-SWAP,O,2.0,-0.0011739709050652,0.01,-0.01,False,False,False,,0.0,0.5581,
2026-07-23T20:32:06+00:00,BARD-USDT-SWAP,BARD,2.0,-0.0012118581453766,0.01,-0.01,False,False,True,0.00572616,19200.0,0.1265,0.1275
2026-07-23T20:32:06+00:00,O-USDT-SWAP,O,2.0,-0.0010761832768607,0.01,-0.01,False,False,False,,0.0,0.5604,
2026-07-23T20:42:33+00:00,BARD-USDT-SWAP,BARD,2.0,-0.0012006055197572,0.01,-0.01,False,False,True,0.00572616,19200.0,0.1263,0.1274
2026-07-23T20:42:33+00:00,O-USDT-SWAP,O,2.0,-0.0010557035760271,0.01,-0.01,False,False,False,,0.0,0.5578,
2026-07-23T20:53:00+00:00,BARD-USDT-SWAP,BARD,2.0,-0.0012072343188605,0.01,-0.01,False,False,True,0.00572616,19200.0,0.1266,0.128
2026-07-23T20:53:00+00:00,O-USDT-SWAP,O,2.0,-0.0009665756663275,0.01,-0.01,False,False,False,,0.0,0.5611,
2026-07-23T21:03:27+00:00,BARD-USDT-SWAP,BARD,2.0,-0.0012239962866399,0.01,-0.01,False,False,True,0.00572616,19200.0,0.1271,0.1283
2026-07-23T21:03:27+00:00,O-USDT-SWAP,O,2.0,-0.0009399095174847,0.01,-0.01,False,False,False,,0.0,0.5587,
2026-07-23T21:13:54+00:00,BARD-USDT-SWAP,BARD,2.0,-0.0014476253890212,0.01,-0.01,False,False,True,0.00572616,19200.0,0.1278,0.1305
2026-07-23T21:13:54+00:00,O-USDT-SWAP,O,2.0,-0.0008819720989816,0.01,-0.01,False,False,False,,0.0,0.5614,
2026-07-23T21:24:22+00:00,BARD-USDT-SWAP,BARD,2.0,-0.0023925775787986,0.01,-0.01,False,False,True,0.00572616,19200.0,0.1282,0.1321
2026-07-23T21:24:22+00:00,O-USDT-SWAP,O,2.0,-0.0008408883593963,0.01,-0.01,False,False,False,,0.0,0.5595,
2026-07-23T21:34:49+00:00,BARD-USDT-SWAP,BARD,2.0,-0.0030450649105661,0.01,-0.01,False,False,True,0.00572616,19200.0,0.1306,0.1344
2026-07-23T21:34:49+00:00,O-USDT-SWAP,O,2.0,-0.0008093604710645,0.01,-0.01,False,False,False,,0.0,0.5618,
2026-07-23T21:45:16+00:00,BARD-USDT-SWAP,BARD,2.0,-0.0042896684669934,0.01,-0.01,False,False,True,0.00572616,19200.0,0.1314,0.1388
2026-07-23T21:45:16+00:00,O-USDT-SWAP,O,2.0,-0.0007812059406912,0.01,-0.01,False,False,False,,0.0,0.5598,
2026-07-23T21:55:43+00:00,BARD-USDT-SWAP,BARD,2.0,-0.0051191378927154,0.01,-0.01,False,False,True,0.00572616,19200.0,0.1313,0.1358
2026-07-23T21:55:43+00:00,O-USDT-SWAP,O,2.0,-0.0007826429276397,0.01,-0.01,False,False,False,,0.0,0.5587,
2026-07-23T22:06:10+00:00,BARD-USDT-SWAP,BARD,2.0,-0.0056458239681584,0.01,-0.01,False,False,True,0.00572616,19200.0,0.1303,0.1334
2026-07-23T22:06:10+00:00,O-USDT-SWAP,O,2.0,-0.0008168280189525,0.01,-0.01,False,False,False,,0.0,0.5572,
2026-07-23T22:16:37+00:00,BARD-USDT-SWAP,BARD,2.0,-0.0058518090956289,0.01,-0.01,False,False,True,0.00572616,19200.0,0.1301,0.1324
2026-07-23T22:16:37+00:00,O-USDT-SWAP,O,2.0,-0.0009310113800729,0.01,-0.01,False,False,False,,0.0,0.5483,
2026-07-23T22:27:04+00:00,BARD-USDT-SWAP,BARD,2.0,-0.0058117678448317,0.01,-0.01,False,False,True,0.00572616,19200.0,0.1301,0.1329
2026-07-23T22:27:04+00:00,O-USDT-SWAP,O,2.0,-0.0010593670061612,0.01,-0.01,False,False,False,,0.0,0.5504,
2026-07-23T22:48:17+00:00,BARD-USDT-SWAP,BARD,2.0,-0.0057169207732318,0.01,-0.01,False,False,True,0.00572616,19200.0,0.1304,0.1332
2026-07-23T22:48:17+00:00,O-USDT-SWAP,O,2.0,-0.0013836212822589,0.01,-0.01,False,False,False,,0.0,0.5464,
2026-07-23T22:58:46+00:00,BARD-USDT-SWAP,BARD,2.0,-0.0055164081197601,0.01,-0.01,False,False,True,0.00572616,19200.0,0.1308,0.1335
2026-07-23T22:58:46+00:00,O-USDT-SWAP,O,2.0,-0.001475457587445,0.01,-0.01,False,False,False,,0.0,0.5481,
2026-07-23T23:09:15+00:00,BARD-USDT-SWAP,BARD,2.0,-0.0050829443655102,0.01,-0.01,False,False,True,0.00572616,19200.0,0.1298,0.1316
2026-07-23T23:09:15+00:00,O-USDT-SWAP,O,2.0,-0.0014949315811214,0.01,-0.01,False,False,False,,0.0,0.5483,
2026-07-23T23:19:43+00:00,BARD-USDT-SWAP,BARD,2.0,-0.0046300119621018,0.01,-0.01,False,False,True,0.00572616,19200.0,0.1301,0.1319
2026-07-23T23:19:43+00:00,O-USDT-SWAP,O,2.0,-0.0015628133932355,0.01,-0.01,False,False,False,,0.0,0.5441,
2026-07-23T23:30:11+00:00,BARD-USDT-SWAP,BARD,2.0,-0.0041602831372977,0.01,-0.01,False,False,True,0.00572616,19200.0,0.1298,0.1316
2026-07-23T23:30:11+00:00,O-USDT-SWAP,O,2.0,-0.0015956017110772,0.01,-0.01,False,False,False,,0.0,0.545,
2026-07-23T23:40:42+00:00,BARD-USDT-SWAP,BARD,2.0,-0.0037332738649917,0.01,-0.01,False,False,True,0.00572616,19200.0,0.129,0.1304
2026-07-23T23:40:42+00:00,O-USDT-SWAP,O,2.0,-0.001635030683614,0.01,-0.01,False,False,False,,0.0,0.5458,
2026-07-23T23:51:10+00:00,BARD-USDT-SWAP,BARD,2.0,-0.0034626972763506,0.01,-0.01,False,False,True,0.00572616,19200.0,0.1291,0.1311
2026-07-23T23:51:10+00:00,O-USDT-SWAP,O,2.0,-0.0017191803336307,0.01,-0.01,False,False,False,,0.0,0.544,
2026-07-24T00:01:38+00:00,BARD-USDT-SWAP,BARD,2.0,-0.0032985028442709,0.01,-0.01,False,False,True,0.00572616,19200.0,0.1276,0.1297
2026-07-24T00:01:38+00:00,O-USDT-SWAP,O,2.0,-0.0018702793940374,0.01,-0.01,False,False,False,,0.0,0.5348,
2026-07-24T00:12:07+00:00,BARD-USDT-SWAP,BARD,2.0,-0.0038962801050074,0.01,-0.01,False,False,True,0.00572616,19200.0,0.133,0.1386
2026-07-24T00:12:07+00:00,O-USDT-SWAP,O,2.0,-0.0019381721614041,0.01,-0.01,False,False,False,,0.0,0.5273,
2026-07-24T00:22:35+00:00,BARD-USDT-SWAP,BARD,2.0,-0.0047425139141032,0.01,-0.01,False,False,True,0.00572616,19200.0,0.129,0.1356
2026-07-24T00:22:35+00:00,O-USDT-SWAP,O,2.0,-0.0019402079691359,0.01,-0.01,False,False,False,,0.0,0.5235,
2026-07-24T00:33:04+00:00,BARD-USDT-SWAP,BARD,2.0,-0.0054005448047284,0.01,-0.01,False,False,True,0.00572616,19200.0,0.1289,0.1323
2026-07-24T00:33:04+00:00,O-USDT-SWAP,O,2.0,-0.0018616867262826,0.01,-0.01,False,False,False,,0.0,0.5052,
2026-07-24T00:43:32+00:00,BARD-USDT-SWAP,BARD,2.0,-0.0056720919602575,0.01,-0.01,False,False,True,0.00572616,19200.0,0.1279,0.1315
2026-07-24T00:43:32+00:00,O-USDT-SWAP,O,2.0,-0.0017928287620614,0.01,-0.01,False,False,False,,0.0,0.5069,
2026-07-24T00:54:00+00:00,BARD-USDT-SWAP,BARD,2.0,-0.005765983369907,0.01,-0.01,False,False,True,0.00572616,19200.0,0.1267,0.1302
2026-07-24T00:54:00+00:00,O-USDT-SWAP,O,2.0,-0.0017120379767341,0.01,-0.01,False,False,False,,0.0,0.5083,
2026-07-24T01:04:28+00:00,BARD-USDT-SWAP,BARD,2.0,-0.0057355506766857,0.01,-0.01,False,False,True,0.0056988,19200.0,0.128,0.1301
2026-07-24T01:04:28+00:00,O-USDT-SWAP,O,2.0,-0.0016361710605252,0.01,-0.01,False,False,False,,0.0,0.5175,
2026-07-24T01:14:57+00:00,BARD-USDT-SWAP,BARD,2.0,-0.0056137847169519,0.01,-0.01,False,False,True,0.0056988,19200.0,0.1276,0.1299
2026-07-24T01:14:57+00:00,O-USDT-SWAP,O,2.0,-0.0015371996679789,0.01,-0.01,False,False,False,,0.0,0.5203,
2026-07-24T01:25:25+00:00,BARD-USDT-SWAP,BARD,2.0,-0.0053037992996865,0.01,-0.01,False,False,True,0.0056988,19200.0,0.127,0.1286
2026-07-24T01:25:25+00:00,O-USDT-SWAP,O,2.0,-0.0014444590041767,0.01,-0.01,False,False,False,,0.0,0.5282,
2026-07-24T01:35:54+00:00,BARD-USDT-SWAP,BARD,2.0,-0.0049454816898968,0.01,-0.01,False,False,True,0.0056988,19200.0,0.1276,0.1295
2026-07-24T01:35:54+00:00,O-USDT-SWAP,O,2.0,-0.0013972688940108,0.01,-0.01,False,False,False,,0.0,0.5216,
2026-07-24T01:46:23+00:00,BARD-USDT-SWAP,BARD,2.0,-0.0044857722901639,0.01,-0.01,False,False,True,0.0056988,19200.0,0.1282,0.1299
2026-07-24T01:46:23+00:00,O-USDT-SWAP,O,2.0,-0.0013611179044421,0.01,-0.01,False,False,False,,0.0,0.5202,
2026-07-24T01:56:51+00:00,BARD-USDT-SWAP,BARD,2.0,-0.004139133273616,0.01,-0.01,False,False,True,0.0056988,19200.0,0.1275,0.1295
2026-07-24T01:56:51+00:00,O-USDT-SWAP,O,2.0,-0.0013645914089794,0.01,-0.01,False,False,False,,0.0,0.5199,
2026-07-24T02:07:19+00:00,BARD-USDT-SWAP,BARD,2.0,-0.003818392489186,0.01,-0.01,False,False,True,0.0056988,19200.0,0.1276,0.1298
2026-07-24T02:07:19+00:00,O-USDT-SWAP,O,2.0,-0.0013431998207188,0.01,-0.01,False,False,False,,0.0,0.5082,
2026-07-24T02:17:48+00:00,BARD-USDT-SWAP,BARD,2.0,-0.0035417913703704,0.01,-0.01,False,False,True,0.0056988,19200.0,0.1281,0.1302
2026-07-24T02:17:48+00:00,O-USDT-SWAP,O,2.0,-0.0013027357810443,0.01,-0.01,False,False,False,,0.0,0.5104,
2026-07-24T02:28:16+00:00,BARD-USDT-SWAP,BARD,2.0,-0.0033335151205106,0.01,-0.01,False,False,True,0.0056988,19200.0,0.1265,0.1279
2026-07-24T02:28:16+00:00,O-USDT-SWAP,O,2.0,-0.0013424744262997,0.01,-0.01,False,False,False,,0.0,0.5074,
2026-07-24T02:38:44+00:00,BARD-USDT-SWAP,BARD,2.0,-0.0033115776351287,0.01,-0.01,False,False,True,0.0056988,19200.0,0.1265,0.1286
2026-07-24T02:38:44+00:00,O-USDT-SWAP,O,2.0,-0.0013530116899944,0.01,-0.01,False,False,False,,0.0,0.5082,
2026-07-24T02:49:13+00:00,BARD-USDT-SWAP,BARD,2.0,-0.0033269694024263,0.01,-0.01,False,False,True,0.0056988,19200.0,0.1266,0.1285
2026-07-24T02:49:13+00:00,O-USDT-SWAP,O,2.0,-0.001369768645694,0.01,-0.01,False,False,False,,0.0,0.5044,
2026-07-24T02:59:41+00:00,BARD-USDT-SWAP,BARD,2.0,-0.0034302127288619,0.01,-0.01,False,False,True,0.0056988,19200.0,0.1275,0.1303
2026-07-24T02:59:41+00:00,O-USDT-SWAP,O,2.0,-0.0013625644082654,0.01,-0.01,False,False,False,,0.0,0.508,
2026-07-24T03:10:09+00:00,BARD-USDT-SWAP,BARD,2.0,-0.0036936739862646,0.01,-0.01,False,False,True,0.0056988,19200.0,0.1269,0.1291
2026-07-24T03:10:09+00:00,O-USDT-SWAP,O,2.0,-0.0013574988895231,0.01,-0.01,False,False,False,,0.0,0.5103,
2026-07-24T03:20:38+00:00,BARD-USDT-SWAP,BARD,2.0,-0.0037419894876968,0.01,-0.01,False,False,True,0.0056988,19200.0,0.1273,0.1296
2026-07-24T03:20:38+00:00,O-USDT-SWAP,O,2.0,-0.0013564946284147,0.01,-0.01,False,False,False,,0.0,0.5173,
2026-07-24T03:41:48+00:00,BARD-USDT-SWAP,BARD,2.0,-0.0037799846218416,0.01,-0.01,False,False,True,0.0056988,19200.0,0.1271,0.1291
2026-07-24T03:41:48+00:00,O-USDT-SWAP,O,2.0,-0.0012704674324606,0.01,-0.01,False,False,False,,0.0,0.5179,
2026-07-24T03:52:15+00:00,BARD-USDT-SWAP,BARD,2.0,-0.003863157153798,0.01,-0.01,False,False,True,0.0056988,19200.0,0.1273,0.1296
2026-07-24T03:52:15+00:00,O-USDT-SWAP,O,2.0,-0.0012585885957105,0.01,-0.01,False,False,False,,0.0,0.5142,
2026-07-24T04:02:41+00:00,BARD-USDT-SWAP,BARD,2.0,-0.0039276484599257,0.01,-0.01,False,False,True,0.0056988,19200.0,0.1271,0.1294
2026-07-24T04:02:41+00:00,O-USDT-SWAP,O,2.0,-0.0012123533226451,0.01,-0.01,False,False,False,,0.0,0.5112,
2026-07-24T04:13:09+00:00,BARD-USDT-SWAP,BARD,2.0,-0.00391124300385,0.01,-0.01,False,False,True,0.0056988,19200.0,0.1273,0.1299
2026-07-24T04:13:09+00:00,O-USDT-SWAP,O,2.0,-0.0011201673649912,0.01,-0.01,False,False,False,,0.0,0.5145,
2026-07-24T04:23:37+00:00,BARD-USDT-SWAP,BARD,2.0,-0.0039658163175018,0.01,-0.01,False,False,True,0.0056988,19200.0,0.127,0.1292
2026-07-24T04:23:37+00:00,O-USDT-SWAP,O,2.0,-0.0009876796583036,0.01,-0.01,False,False,False,,0.0,0.519,
2026-07-24T04:34:04+00:00,BARD-USDT-SWAP,BARD,2.0,-0.0039307336400897,0.01,-0.01,False,False,True,0.0056988,19200.0,0.1274,0.1296
2026-07-24T04:34:04+00:00,O-USDT-SWAP,O,2.0,-0.0009426509811608,0.01,-0.01,False,False,False,,0.0,0.5153,
2026-07-24T04:44:30+00:00,BARD-USDT-SWAP,BARD,2.0,-0.0039377644095906,0.01,-0.01,False,False,True,0.0056988,19200.0,0.1271,0.13
2026-07-24T04:44:30+00:00,O-USDT-SWAP,O,2.0,-0.0008696321171859,0.01,-0.01,False,False,False,,0.0,0.514,
2026-07-24T04:54:57+00:00,BARD-USDT-SWAP,BARD,2.0,-0.0039441921982715,0.01,-0.01,False,False,True,0.0056988,19200.0,0.1272,0.1296
2026-07-24T04:54:57+00:00,O-USDT-SWAP,O,2.0,-0.0008585361145918,0.01,-0.01,False,False,False,,0.0,0.5194,
2026-07-24T05:01:18+00:00,BARD-USDT-SWAP,BARD,2.0,-0.003908811720096,0.01,-0.01,False,False,True,0.00567144,19200.0,0.127,0.129
2026-07-24T05:01:18+00:00,O-USDT-SWAP,O,2.0,-0.0008368465474257,0.01,-0.01,False,False,False,,0.0,0.5223,
2026-07-24T05:11:47+00:00,BARD-USDT-SWAP,BARD,2.0,-0.003797360308191,0.01,-0.01,False,False,True,0.00567144,19200.0,0.127,0.129
2026-07-24T05:11:47+00:00,O-USDT-SWAP,O,2.0,-0.0007981716611469,0.01,-0.01,False,False,False,,0.0,0.5191,
2026-07-24T05:22:16+00:00,BARD-USDT-SWAP,BARD,2.0,-0.0037973482760596,0.01,-0.01,False,False,True,0.00567144,19200.0,0.1268,0.1289
2026-07-24T05:22:16+00:00,O-USDT-SWAP,O,2.0,-0.0008378269093568,0.01,-0.01,False,False,False,,0.0,0.5245,
2026-07-24T05:32:44+00:00,BARD-USDT-SWAP,BARD,2.0,-0.0036429268000971,0.01,-0.01,False,False,True,0.00567144,19200.0,0.1261,0.1277
2026-07-24T05:32:44+00:00,O-USDT-SWAP,O,2.0,-0.0008468802081563,0.01,-0.01,False,False,False,,0.0,0.5371,
2026-07-24T05:43:13+00:00,BARD-USDT-SWAP,BARD,2.0,-0.0034133477195622,0.01,-0.01,False,False,True,0.00567144,19200.0,0.1261,0.1276
2026-07-24T05:43:13+00:00,O-USDT-SWAP,O,2.0,-0.0007972194511501,0.01,-0.01,False,False,False,,0.0,0.5379,
2026-07-24T05:53:42+00:00,BARD-USDT-SWAP,BARD,2.0,-0.0032118731811927,0.01,-0.01,False,False,True,0.00567144,19200.0,0.1257,0.1277
2026-07-24T05:53:42+00:00,O-USDT-SWAP,O,2.0,-0.000860177064648,0.01,-0.01,False,False,False,,0.0,0.5454,
2026-07-24T06:04:11+00:00,BARD-USDT-SWAP,BARD,2.0,-0.0030989614038445,0.01,-0.01,False,False,True,0.00567144,19200.0,0.1259,0.1278
2026-07-24T06:04:11+00:00,O-USDT-SWAP,O,2.0,-0.0009424030557718,0.01,-0.01,False,False,False,,0.0,0.5382,
2026-07-24T06:14:39+00:00,BARD-USDT-SWAP,BARD,2.0,-0.0029380169666538,0.01,-0.01,False,False,True,0.00567144,19200.0,0.1263,0.1278
2026-07-24T06:14:39+00:00,O-USDT-SWAP,O,2.0,-0.0010889922682434,0.01,-0.01,False,False,False,,0.0,0.5346,
2026-07-24T06:25:09+00:00,BARD-USDT-SWAP,BARD,2.0,-0.0028028406840303,0.01,-0.01,False,False,True,0.00567144,19200.0,0.1264,0.1272
2026-07-24T06:25:09+00:00,O-USDT-SWAP,O,2.0,-0.0011951048867697,0.01,-0.01,False,False,False,,0.0,0.535,
2026-07-24T06:35:37+00:00,BARD-USDT-SWAP,BARD,2.0,-0.0026482806430334,0.01,-0.01,False,False,True,0.00567144,19200.0,0.1263,0.1276
2026-07-24T06:35:37+00:00,O-USDT-SWAP,O,2.0,-0.0012056680438948,0.01,-0.01,False,False,False,,0.0,0.5298,
2026-07-24T06:46:07+00:00,BARD-USDT-SWAP,BARD,2.0,-0.0024875093148798,0.01,-0.01,False,False,True,0.00567144,19200.0,0.1265,0.1274
2026-07-24T06:46:07+00:00,O-USDT-SWAP,O,2.0,-0.0012024895216085,0.01,-0.01,False,False,False,,0.0,0.5294,
2026-07-24T06:56:35+00:00,BARD-USDT-SWAP,BARD,2.0,-0.0023497131038509,0.01,-0.01,False,False,True,0.00567144,19200.0,0.1262,0.1276
2026-07-24T06:56:35+00:00,O-USDT-SWAP,O,2.0,-0.0011974154904989,0.01,-0.01,False,False,False,,0.0,0.5233,
2026-07-24T07:07:05+00:00,BARD-USDT-SWAP,BARD,2.0,-0.0023301431561409,0.01,-0.01,False,False,True,0.00567144,19200.0,0.1265,0.1281
2026-07-24T07:07:05+00:00,O-USDT-SWAP,O,2.0,-0.0011926815778898,0.01,-0.01,False,False,False,,0.0,0.5219,
2026-07-24T07:17:33+00:00,BARD-USDT-SWAP,BARD,2.0,-0.002288992798672,0.01,-0.01,False,False,True,0.00567144,19200.0,0.1267,0.128
2026-07-24T07:17:33+00:00,O-USDT-SWAP,O,2.0,-0.0011474390522428,0.01,-0.01,False,False,False,,0.0,0.5258,
2026-07-24T07:28:01+00:00,BARD-USDT-SWAP,BARD,2.0,-0.002295354302098,0.01,-0.01,False,False,True,0.00567144,19200.0,0.127,0.1286
2026-07-24T07:28:01+00:00,O-USDT-SWAP,O,2.0,-0.0011275884782781,0.01,-0.01,False,False,False,,0.0,0.5288,
2026-07-24T07:38:31+00:00,BARD-USDT-SWAP,BARD,2.0,-0.002303356594472,0.01,-0.01,False,False,True,0.00567144,19200.0,0.1268,0.1284
2026-07-24T07:38:31+00:00,O-USDT-SWAP,O,2.0,-0.0010680609586133,0.01,-0.01,False,False,False,,0.0,0.5257,
2026-07-24T07:49:00+00:00,BARD-USDT-SWAP,BARD,2.0,-0.0023839948596736,0.01,-0.01,False,False,True,0.00567144,19200.0,0.1275,0.1297
2026-07-24T07:49:00+00:00,O-USDT-SWAP,O,2.0,-0.0010578348279994,0.01,-0.01,False,False,False,,0.0,0.5252,
2026-07-24T07:59:29+00:00,BARD-USDT-SWAP,BARD,2.0,-0.0026576947569176,0.01,-0.01,False,False,True,0.00567144,19200.0,0.1276,0.1292
2026-07-24T07:59:29+00:00,O-USDT-SWAP,O,2.0,-0.0010470564500565,0.01,-0.01,False,False,False,,0.0,0.5338,
2026-07-24T08:09:58+00:00,BARD-USDT-SWAP,BARD,2.0,-0.0028412981851648,0.01,-0.01,False,False,True,0.00567144,19200.0,0.1268,0.1288
2026-07-24T08:20:27+00:00,BARD-USDT-SWAP,BARD,2.0,-0.0030118033304356,0.01,-0.01,False,False,True,0.00567144,19200.0,0.1273,0.1297
2026-07-24T08:30:57+00:00,BARD-USDT-SWAP,BARD,2.0,-0.0032335096612584,0.01,-0.01,False,False,True,0.00567144,19200.0,0.1277,0.1301
2026-07-24T08:41:26+00:00,BARD-USDT-SWAP,BARD,2.0,-0.0036814211067722,0.01,-0.01,False,False,True,0.00567144,19200.0,0.1284,0.1313
2026-07-24T08:51:54+00:00,BARD-USDT-SWAP,BARD,2.0,-0.0039823160440458,0.01,-0.01,False,False,True,0.00567144,19200.0,0.1278,0.1303
2026-07-24T09:02:23+00:00,BARD-USDT-SWAP,BARD,2.0,-0.0040415346445955,0.01,-0.01,False,False,True,0.00567144,19200.0,0.128,0.1302
2026-07-24T09:12:51+00:00,BARD-USDT-SWAP,BARD,2.0,-0.0039535101195445,0.01,-0.01,False,False,True,0.00567144,19200.0,0.1274,0.1291
2026-07-24T09:23:20+00:00,BARD-USDT-SWAP,BARD,2.0,-0.003783714295488,0.01,-0.01,False,False,True,0.00567144,19200.0,0.1274,0.1289
2026-07-24T09:33:48+00:00,BARD-USDT-SWAP,BARD,2.0,-0.0036162914372628,0.01,-0.01,False,False,True,0.00567144,19200.0,0.1289,0.1311
2026-07-24T09:44:17+00:00,BARD-USDT-SWAP,BARD,2.0,-0.0035619585185511,0.01,-0.01,False,False,True,0.00567144,19200.0,0.1288,0.1301
2026-07-24T10:05:38+00:00,BARD-USDT-SWAP,BARD,2.0,-0.003165847033539,0.01,-0.01,False,False,True,0.00561648,19200.0,0.1289,0.1302
2026-07-24T10:16:10+00:00,BARD-USDT-SWAP,BARD,2.0,-0.0030218580033121,0.01,-0.01,False,False,True,0.00561648,19200.0,0.1279,0.1299
2026-07-24T10:26:42+00:00,BARD-USDT-SWAP,BARD,2.0,-0.0028693132648127,0.01,-0.01,False,False,True,0.00561648,19200.0,0.1281,0.1296
2026-07-24T10:37:15+00:00,BARD-USDT-SWAP,BARD,2.0,-0.0027826980943302,0.01,-0.01,False,False,True,0.00561648,19200.0,0.1277,0.1294
2026-07-24T10:47:48+00:00,BARD-USDT-SWAP,BARD,2.0,-0.0026933610140022,0.01,-0.01,False,False,True,0.00561648,19200.0,0.1274,0.1287
2026-07-24T10:58:20+00:00,BARD-USDT-SWAP,BARD,2.0,-0.0026022101786093,0.01,-0.01,False,False,True,0.00561648,19200.0,0.1281,0.1294
2026-07-24T11:08:53+00:00,BARD-USDT-SWAP,BARD,2.0,-0.0025901581177156,0.01,-0.01,False,False,True,0.00561648,19200.0,0.1279,0.1298
2026-07-24T11:19:24+00:00,BARD-USDT-SWAP,BARD,2.0,-0.0025593089353111,0.01,-0.01,False,False,True,0.00561648,19200.0,0.1277,0.1291
2026-07-24T11:29:55+00:00,BARD-USDT-SWAP,BARD,2.0,-0.0024888083518168,0.01,-0.01,False,False,True,0.00564384,19200.0,0.1276,0.129
2026-07-24T11:40:27+00:00,BARD-USDT-SWAP,BARD,2.0,-0.0024161886959157,0.01,-0.01,False,False,True,0.00564384,19200.0,0.1267,0.1282
2026-07-24T11:50:58+00:00,BARD-USDT-SWAP,BARD,2.0,-0.0023814692088458,0.01,-0.01,False,False,True,0.00564384,19200.0,0.1268,0.1281
2026-07-24T12:01:30+00:00,BARD-USDT-SWAP,BARD,2.0,-0.0023667913593289,0.01,-0.01,False,False,True,0.00561648,19200.0,0.1268,0.1279
2026-07-24T12:12:01+00:00,BARD-USDT-SWAP,BARD,2.0,-0.0023020647451203,0.01,-0.01,False,False,True,0.00561648,19200.0,0.1269,0.128
2026-07-24T12:12:01+00:00,ORDER-USDT-SWAP,ORDER,4.0,-0.01,0.01,-0.01,True,False,False,,0.0,0.03787,
2026-07-24T12:22:33+00:00,BARD-USDT-SWAP,BARD,2.0,-0.0022508854571903,0.01,-0.01,False,False,True,0.00561648,19200.0,0.1271,0.1284
2026-07-24T12:22:33+00:00,ORDER-USDT-SWAP,ORDER,4.0,-0.01,0.01,-0.01,True,False,False,,0.0,0.03843,
2026-07-24T12:33:05+00:00,BARD-USDT-SWAP,BARD,2.0,-0.0022073519668139,0.01,-0.01,False,False,True,0.00561648,19200.0,0.1271,0.1281
2026-07-24T12:33:05+00:00,ORDER-USDT-SWAP,ORDER,4.0,-0.01,0.01,-0.01,True,False,False,,0.0,0.03826,
2026-07-24T12:43:36+00:00,BARD-USDT-SWAP,BARD,2.0,-0.002221771645116,0.01,-0.01,False,False,True,0.00561648,19200.0,0.1273,0.1287
2026-07-24T12:43:36+00:00,ORDER-USDT-SWAP,ORDER,4.0,-0.01,0.01,-0.01,True,False,False,,0.0,0.03732,
2026-07-24T12:54:09+00:00,BARD-USDT-SWAP,BARD,2.0,-0.0022366030529072,0.01,-0.01,False,False,True,0.00561648,19200.0,0.1273,0.1286
2026-07-24T12:54:09+00:00,ORDER-USDT-SWAP,ORDER,4.0,-0.01,0.01,-0.01,True,False,False,,0.0,0.03719,
2026-07-24T13:04:42+00:00,BARD-USDT-SWAP,BARD,2.0,-0.0022603053418624,0.01,-0.01,False,False,True,0.00561648,19200.0,0.1271,0.1283
2026-07-24T13:04:42+00:00,ORDER-USDT-SWAP,ORDER,4.0,-0.01,0.01,-0.01,True,False,False,,0.0,0.0374,
2026-07-24T13:15:15+00:00,BARD-USDT-SWAP,BARD,2.0,-0.0022483208259758,0.01,-0.01,False,False,True,0.00561648,19200.0,0.1267,0.1277
2026-07-24T13:15:15+00:00,ORDER-USDT-SWAP,ORDER,4.0,-0.01,0.01,-0.01,True,False,False,,0.0,0.03707,
2026-07-24T13:25:48+00:00,BARD-USDT-SWAP,BARD,2.0,-0.0022022959369771,0.01,-0.01,False,False,True,0.00561648,19200.0,0.1271,0.1284
2026-07-24T13:25:48+00:00,ORDER-USDT-SWAP,ORDER,4.0,-0.01,0.01,-0.01,True,False,False,,0.0,0.03699,
2026-07-24T13:36:20+00:00,BARD-USDT-SWAP,BARD,2.0,-0.0021558601553763,0.01,-0.01,False,False,True,0.00561648,19200.0,0.1268,0.1284
2026-07-24T13:36:20+00:00,ORDER-USDT-SWAP,ORDER,4.0,-0.01,0.01,-0.01,True,False,False,,0.0,0.03656,
2026-07-24T13:46:54+00:00,BARD-USDT-SWAP,BARD,2.0,-0.0020534271072263,0.01,-0.01,False,False,True,0.00561648,19200.0,0.1274,0.1285
2026-07-24T13:57:27+00:00,BARD-USDT-SWAP,BARD,2.0,-0.0019631606332268,0.01,-0.01,False,False,True,0.00561648,19200.0,0.1269,0.1278
2026-07-24T14:07:59+00:00,BARD-USDT-SWAP,BARD,2.0,-0.0018429650965086,0.01,-0.01,False,False,True,0.00564384,19200.0,0.1276,0.1281
2026-07-24T14:18:37+00:00,BARD-USDT-SWAP,BARD,2.0,-0.0017353426276749,0.01,-0.01,False,False,True,0.00564384,19200.0,0.127,0.1281
2026-07-24T14:29:09+00:00,BARD-USDT-SWAP,BARD,2.0,-0.0016696235978475,0.01,-0.01,False,False,True,0.00564384,19200.0,0.1274,0.1282
2026-07-24T14:39:40+00:00,BARD-USDT-SWAP,BARD,2.0,-0.0016352482793581,0.01,-0.01,False,False,True,0.00564384,19200.0,0.1265,0.1275
2026-07-24T15:01:00+00:00,BARD-USDT-SWAP,BARD,2.0,-0.0015590930804726,0.01,-0.01,False,False,True,0.00561648,19200.0,0.1268,0.1281
2026-07-24T15:11:31+00:00,BARD-USDT-SWAP,BARD,2.0,-0.0015322628865317,0.01,-0.01,False,False,True,0.00561648,19200.0,0.1279,0.1293
2026-07-24T15:22:00+00:00,BARD-USDT-SWAP,BARD,2.0,-0.0015330113625737,0.01,-0.01,False,False,True,0.00561648,19200.0,0.1281,0.129
2026-07-24T15:32:31+00:00,BARD-USDT-SWAP,BARD,2.0,-0.0015382988369896,0.01,-0.01,False,False,True,0.00561648,19200.0,0.1282,0.1294
2026-07-24T15:43:03+00:00,BARD-USDT-SWAP,BARD,2.0,-0.0015626396446604,0.01,-0.01,False,False,True,0.00561648,19200.0,0.1281,0.1294
2026-07-24T15:53:33+00:00,BARD-USDT-SWAP,BARD,2.0,-0.0016408643650619,0.01,-0.01,False,False,True,0.00561648,19200.0,0.128,0.129
2026-07-24T16:04:04+00:00,BARD-USDT-SWAP,BARD,2.0,-0.0016394354629889,0.01,-0.01,False,False,True,0.00561648,19200.0,0.1279,0.1292
2026-07-24T16:14:34+00:00,BARD-USDT-SWAP,BARD,2.0,-0.0015946484206897,0.01,-0.01,False,False,True,0.00561648,19200.0,0.1281,0.1289
2026-07-24T16:25:07+00:00,BARD-USDT-SWAP,BARD,2.0,-0.0015455085795418,0.01,-0.01,False,False,True,0.00561648,19200.0,0.1279,0.1288
2026-07-24T16:35:39+00:00,BARD-USDT-SWAP,BARD,2.0,-0.0015322197647368,0.01,-0.01,False,False,True,0.00561648,19200.0,0.1271,0.1281
2026-07-24T16:46:10+00:00,BARD-USDT-SWAP,BARD,2.0,-0.0015106600753724,0.01,-0.01,False,False,True,0.00561648,19200.0,0.1268,0.128
2026-07-24T16:56:41+00:00,BARD-USDT-SWAP,BARD,2.0,-0.0014190620011545,0.01,-0.01,False,False,True,0.00561648,19200.0,0.1267,0.127
2026-07-24T17:07:11+00:00,BARD-USDT-SWAP,BARD,2.0,-0.0013575466623957,0.01,-0.01,False,False,True,0.00575352,19200.0,0.1269,0.1277
2026-07-24T17:17:42+00:00,BARD-USDT-SWAP,BARD,2.0,-0.0013079331638797,0.01,-0.01,False,False,True,0.00575352,19200.0,0.1274,0.1282
2026-07-24T17:28:13+00:00,BARD-USDT-SWAP,BARD,2.0,-0.0012757752662147,0.01,-0.01,False,False,True,0.00575352,19200.0,0.1281,0.129
2026-07-24T17:38:44+00:00,BARD-USDT-SWAP,BARD,2.0,-0.0012572434977417,0.01,-0.01,False,False,True,0.00575352,19200.0,0.1286,0.1297
2026-07-24T17:49:14+00:00,BARD-USDT-SWAP,BARD,2.0,-0.0012570088724608,0.01,-0.01,False,False,True,0.00575352,19200.0,0.1284,0.1295
2026-07-24T17:59:45+00:00,BARD-USDT-SWAP,BARD,2.0,-0.0012253581501816,0.01,-0.01,False,False,True,0.00575352,19200.0,0.1286,0.1297
2026-07-24T18:10:17+00:00,BARD-USDT-SWAP,BARD,2.0,-0.0012654230400344,0.01,-0.01,False,False,True,0.00575352,19200.0,0.1288,0.1299
2026-07-24T18:20:47+00:00,BARD-USDT-SWAP,BARD,2.0,-0.0013109364537203,0.01,-0.01,False,False,True,0.00575352,19200.0,0.1279,0.129
2026-07-24T18:31:18+00:00,BARD-USDT-SWAP,BARD,2.0,-0.0013447529063039,0.01,-0.01,False,False,True,0.00575352,19200.0,0.1278,0.1288
2026-07-24T18:41:49+00:00,BARD-USDT-SWAP,BARD,2.0,-0.0013637172076199,0.01,-0.01,False,False,True,0.00575352,19200.0,0.1282,0.1292
2026-07-24T18:52:19+00:00,BARD-USDT-SWAP,BARD,2.0,-0.0013562220899807,0.01,-0.01,False,False,True,0.00575352,19200.0,0.1282,0.1292
2026-07-24T19:02:49+00:00,BARD-USDT-SWAP,BARD,2.0,-0.0013657052971311,0.01,-0.01,False,False,True,0.00575352,19200.0,0.1285,0.1298
2026-07-24T19:13:19+00:00,BARD-USDT-SWAP,BARD,2.0,-0.0013647932699106,0.01,-0.01,False,False,True,0.00575352,19200.0,0.1278,0.1288
2026-07-24T19:23:49+00:00,BARD-USDT-SWAP,BARD,2.0,-0.0013287446028656,0.01,-0.01,False,False,True,0.00575352,19200.0,0.1279,0.1284
2026-07-24T19:34:20+00:00,BARD-USDT-SWAP,BARD,2.0,-0.0012835960848,0.01,-0.01,False,False,True,0.00575352,19200.0,0.1283,0.1292
2026-07-24T19:55:34+00:00,BARD-USDT-SWAP,BARD,2.0,-0.0012138498860648,0.01,-0.01,False,False,True,0.00575352,19200.0,0.1272,0.128
2026-07-24T20:06:05+00:00,BARD-USDT-SWAP,BARD,2.0,-0.0011424763724515,0.01,-0.01,False,False,True,0.00572616,19200.0,0.1272,0.128
2026-07-24T20:16:35+00:00,BARD-USDT-SWAP,BARD,2.0,-0.0011014674769835,0.01,-0.01,False,False,True,0.00572616,19200.0,0.1267,0.1276
2026-07-24T20:27:05+00:00,BARD-USDT-SWAP,BARD,2.0,-0.0010410955638455,0.01,-0.01,False,False,True,0.00572616,19200.0,0.127,0.1278
2026-07-24T20:37:35+00:00,BARD-USDT-SWAP,BARD,2.0,-0.0009948015735699,0.01,-0.01,False,False,True,0.00572616,19200.0,0.1264,0.1271
2026-07-24T20:48:05+00:00,BARD-USDT-SWAP,BARD,2.0,-0.0009942462588452,0.01,-0.01,False,False,True,0.00572616,19200.0,0.126,0.1269
2026-07-24T20:58:36+00:00,BARD-USDT-SWAP,BARD,2.0,-0.0009798781927116,0.01,-0.01,False,False,True,0.00572616,19200.0,0.1262,0.1271
2026-07-24T21:09:06+00:00,BARD-USDT-SWAP,BARD,2.0,-0.0009993117692651,0.01,-0.01,False,False,True,0.0056988,19200.0,0.1258,0.1265
2026-07-24T21:19:36+00:00,BARD-USDT-SWAP,BARD,2.0,-0.0009839128675929,0.01,-0.01,False,False,True,0.0056988,19200.0,0.1263,0.1271
2026-07-24T21:30:06+00:00,BARD-USDT-SWAP,BARD,2.0,-0.000957032543395,0.01,-0.01,False,False,True,0.0056988,19200.0,0.1265,0.1272
2026-07-24T21:40:37+00:00,BARD-USDT-SWAP,BARD,2.0,-0.0009615114558351,0.01,-0.01,False,False,True,0.0056988,19200.0,0.1262,0.1272
2026-07-24T21:51:08+00:00,BARD-USDT-SWAP,BARD,2.0,-0.0009424782153071,0.01,-0.01,False,False,True,0.0056988,19200.0,0.1267,0.1275
2026-07-24T22:01:38+00:00,BARD-USDT-SWAP,BARD,2.0,-0.0009466784517923,0.01,-0.01,False,False,True,0.0056988,19200.0,0.126,0.127
2026-07-24T22:12:09+00:00,BARD-USDT-SWAP,BARD,2.0,-0.0009718736040608,0.01,-0.01,False,False,True,0.0056988,19200.0,0.1261,0.1266
2026-07-24T22:22:39+00:00,BARD-USDT-SWAP,BARD,2.0,-0.0009844172728615,0.01,-0.01,False,False,True,0.0056988,19200.0,0.1261,0.1271
2026-07-24T22:33:09+00:00,BARD-USDT-SWAP,BARD,2.0,-0.001010930908373,0.01,-0.01,False,False,True,0.0056988,19200.0,0.1264,0.1274
2026-07-24T22:43:39+00:00,BARD-USDT-SWAP,BARD,2.0,-0.0010452682296786,0.01,-0.01,False,False,True,0.0056988,19200.0,0.1268,0.1279
2026-07-24T22:54:10+00:00,BARD-USDT-SWAP,BARD,2.0,-0.0010932603748704,0.01,-0.01,False,False,True,0.0056988,19200.0,0.127,0.1281
2026-07-24T23:04:40+00:00,BARD-USDT-SWAP,BARD,2.0,-0.0011382736352429,0.01,-0.01,False,False,True,0.00572616,19200.0,0.1264,0.1278
2026-07-24T23:15:11+00:00,BARD-USDT-SWAP,BARD,2.0,-0.0011752658465315,0.01,-0.01,False,False,True,0.00572616,19200.0,0.1256,0.1265
2026-07-24T23:25:41+00:00,BARD-USDT-SWAP,BARD,2.0,-0.001154957920902,0.01,-0.01,False,False,True,0.00572616,19200.0,0.1257,0.1266
2026-07-24T23:36:12+00:00,BARD-USDT-SWAP,BARD,2.0,-0.0011852609848615,0.01,-0.01,False,False,True,0.00572616,19200.0,0.1245,0.1254
2026-07-24T23:46:47+00:00,BARD-USDT-SWAP,BARD,2.0,-0.0012073993068037,0.01,-0.01,False,False,True,0.00572616,19200.0,0.1246,0.1259
2026-07-24T23:57:17+00:00,BARD-USDT-SWAP,BARD,2.0,-0.0011898337900622,0.01,-0.01,False,False,True,0.00572616,19200.0,0.1242,0.1251
2026-07-25T00:07:48+00:00,BARD-USDT-SWAP,BARD,2.0,-0.0011915719220113,0.01,-0.01,False,False,True,0.0056988,19200.0,0.1239,0.1248
2026-07-25T00:18:18+00:00,BARD-USDT-SWAP,BARD,2.0,-0.00122314418067,0.01,-0.01,False,False,True,0.0056988,19200.0,0.1248,0.1258
2026-07-25T00:28:49+00:00,BARD-USDT-SWAP,BARD,2.0,-0.0012467029452394,0.01,-0.01,False,False,True,0.0056988,19200.0,0.125,0.126
2026-07-25T00:50:05+00:00,BARD-USDT-SWAP,BARD,2.0,-0.0012521520926668,0.01,-0.01,False,False,True,0.0056988,19200.0,0.1247,0.1257
2026-07-25T01:00:35+00:00,BARD-USDT-SWAP,BARD,2.0,-0.0012101370420583,0.01,-0.01,False,False,True,0.0056988,19200.0,0.125,0.1257
2026-07-25T01:11:06+00:00,BARD-USDT-SWAP,BARD,2.0,-0.0011764413860307,0.01,-0.01,False,False,True,0.0056988,19200.0,0.1245,0.1249
2026-07-25T01:21:37+00:00,BARD-USDT-SWAP,BARD,2.0,-0.0011605771200629,0.01,-0.01,False,False,True,0.0056988,19200.0,0.1244,0.1253
2026-07-25T01:32:08+00:00,BARD-USDT-SWAP,BARD,2.0,-0.001147208942236,0.01,-0.01,False,False,True,0.0056988,19200.0,0.1251,0.1259
2026-07-25T01:42:39+00:00,BARD-USDT-SWAP,BARD,2.0,-0.0011383603301973,0.01,-0.01,False,False,True,0.0056988,19200.0,0.1262,0.127
2026-07-25T01:53:10+00:00,BARD-USDT-SWAP,BARD,2.0,-0.0011102324423651,0.01,-0.01,False,False,True,0.0056988,19200.0,0.1261,0.127
2026-07-25T02:03:41+00:00,BARD-USDT-SWAP,BARD,2.0,-0.0011268371023358,0.01,-0.01,False,False,True,0.0056988,19200.0,0.1254,0.1261
2026-07-25T02:14:12+00:00,BARD-USDT-SWAP,BARD,2.0,-0.0011345747735753,0.01,-0.01,False,False,True,0.0056988,19200.0,0.1254,0.1262
2026-07-25T02:24:43+00:00,BARD-USDT-SWAP,BARD,2.0,-0.0010807441541823,0.01,-0.01,False,False,True,0.0056988,19200.0,0.1257,0.1262
2026-07-25T02:35:15+00:00,BARD-USDT-SWAP,BARD,2.0,-0.0010364804461467,0.01,-0.01,False,False,True,0.0056988,19200.0,0.1259,0.1264
2026-07-25T02:45:49+00:00,BARD-USDT-SWAP,BARD,2.0,-0.0009996111602743,0.01,-0.01,False,False,True,0.0056988,19200.0,0.1257,0.1262
2026-07-25T02:56:21+00:00,BARD-USDT-SWAP,BARD,2.0,-0.0009527089092073,0.01,-0.01,False,False,True,0.0056988,19200.0,0.1257,0.1262
2026-07-25T03:06:52+00:00,BARD-USDT-SWAP,BARD,2.0,-0.0009162807216036,0.01,-0.01,False,False,True,0.0056988,19200.0,0.125,0.1255
2026-07-25T03:17:23+00:00,BARD-USDT-SWAP,BARD,2.0,-0.0008602740446192,0.01,-0.01,False,False,True,0.0056988,19200.0,0.1251,0.1256
2026-07-25T03:27:55+00:00,BARD-USDT-SWAP,BARD,2.0,-0.0008034617381616,0.01,-0.01,False,False,True,0.0056988,19200.0,0.1255,0.126
2026-07-25T03:38:26+00:00,BARD-USDT-SWAP,BARD,2.0,-0.0007830718436577,0.01,-0.01,False,False,True,0.0056988,19200.0,0.1255,0.1262
2026-07-25T03:48:57+00:00,BARD-USDT-SWAP,BARD,2.0,-0.0007904600761041,0.01,-0.01,False,False,True,0.0056988,19200.0,0.1251,0.1258
2026-07-25T03:59:28+00:00,BARD-USDT-SWAP,BARD,2.0,-0.0007740247213426,0.01,-0.01,False,False,True,0.0056988,19200.0,0.1255,0.126
2026-07-26T14:50:38+00:00,ESP-USDT-SWAP,ESP,4.0,-0.01,0.01,-0.01,True,False,False,,0.0,0.10154,
2026-07-26T15:01:14+00:00,ESP-USDT-SWAP,ESP,4.0,-0.01,0.01,-0.01,True,False,False,,0.0,0.09673,
2026-07-26T15:11:50+00:00,ESP-USDT-SWAP,ESP,4.0,-0.01,0.01,-0.01,True,False,False,,0.0,0.09459,
2026-07-26T15:22:26+00:00,ESP-USDT-SWAP,ESP,4.0,-0.01,0.01,-0.01,True,False,False,,0.0,0.09302,
2026-07-26T15:33:03+00:00,ESP-USDT-SWAP,ESP,4.0,-0.01,0.01,-0.01,True,False,False,,0.0,0.09406,
2026-07-26T15:43:38+00:00,ESP-USDT-SWAP,ESP,4.0,-0.01,0.01,-0.01,True,False,False,,0.0,0.09387,
2026-07-26T15:54:15+00:00,ESP-USDT-SWAP,ESP,4.0,-0.01,0.01,-0.01,True,False,False,,0.0,0.09763,
2026-07-26T16:15:43+00:00,ESP-USDT-SWAP,ESP,2.0,-0.0038799777535758,0.01,-0.01,False,True,False,,0.0,0.08875,
2026-07-26T16:26:20+00:00,ESP-USDT-SWAP,ESP,2.0,-0.0031100631668344,0.01,-0.01,False,True,False,,0.0,0.08642,
2026-07-26T16:36:56+00:00,ESP-USDT-SWAP,ESP,2.0,-0.0025480639642159,0.01,-0.01,False,True,False,,0.0,0.08714,
2026-07-26T16:47:32+00:00,ESP-USDT-SWAP,ESP,2.0,-0.0022279734651344,0.01,-0.01,False,True,False,,0.0,0.08807,
2026-07-26T16:58:09+00:00,ESP-USDT-SWAP,ESP,2.0,-0.0021154819110521,0.01,-0.01,False,True,False,,0.0,0.08693,
2026-07-26T17:08:45+00:00,ESP-USDT-SWAP,ESP,2.0,-0.0019841187243577,0.01,-0.01,False,True,False,,0.0,0.09077,
2026-07-26T17:19:21+00:00,ESP-USDT-SWAP,ESP,2.0,-0.0019344322738165,0.01,-0.01,False,True,False,,0.0,0.08963,
2026-07-26T17:29:58+00:00,ESP-USDT-SWAP,ESP,2.0,-0.0018755218889752,0.01,-0.01,False,True,False,,0.0,0.08925,
2026-07-26T17:40:35+00:00,ESP-USDT-SWAP,ESP,2.0,-0.0018199498562667,0.01,-0.01,False,True,False,,0.0,0.09153,
2026-07-26T17:51:13+00:00,ESP-USDT-SWAP,ESP,2.0,-0.0017197151116695,0.01,-0.01,False,True,False,,0.0,0.0942,
2026-07-26T18:01:50+00:00,ESP-USDT-SWAP,ESP,2.0,-0.0016078687566794,0.01,-0.01,False,False,False,,0.0,0.09425,
2026-07-26T18:12:27+00:00,ESP-USDT-SWAP,ESP,2.0,-0.0015557742315131,0.01,-0.01,False,False,False,,0.0,0.09409,
2026-07-26T18:23:04+00:00,ESP-USDT-SWAP,ESP,2.0,-0.0014107016822172,0.01,-0.01,False,False,False,,0.0,0.0943,
2026-07-26T18:33:42+00:00,ESP-USDT-SWAP,ESP,2.0,-0.0012668820283114,0.01,-0.01,False,False,False,,0.0,0.09467,
2026-07-26T18:44:19+00:00,ESP-USDT-SWAP,ESP,2.0,-0.0013730754868695,0.01,-0.01,False,False,False,,0.0,0.09681,
2026-07-26T18:54:55+00:00,ESP-USDT-SWAP,ESP,2.0,-0.0014536558828831,0.01,-0.01,False,False,False,,0.0,0.09635,
2026-07-26T19:05:31+00:00,ESP-USDT-SWAP,ESP,2.0,-0.0014576623317495,0.01,-0.01,False,False,False,,0.0,0.09764,
2026-07-26T19:16:07+00:00,ESP-USDT-SWAP,ESP,2.0,-0.0015417005965173,0.01,-0.01,False,False,False,,0.0,0.10106,
2026-07-26T19:26:43+00:00,ESP-USDT-SWAP,ESP,2.0,-0.0016110578370994,0.01,-0.01,False,False,False,,0.0,0.0985,
2026-07-26T19:37:21+00:00,ESP-USDT-SWAP,ESP,2.0,-0.0015477364854478,0.01,-0.01,False,False,False,,0.0,0.10042,
2026-07-26T19:47:58+00:00,ESP-USDT-SWAP,ESP,2.0,-0.001562822829184,0.01,-0.01,False,False,False,,0.0,0.09703,
2026-07-26T19:58:34+00:00,ESP-USDT-SWAP,ESP,2.0,-0.0014654426538003,0.01,-0.01,False,False,False,,0.0,0.09868,
2026-07-26T20:09:12+00:00,ESP-USDT-SWAP,ESP,2.0,-0.0014380981431007,0.01,-0.01,False,False,False,,0.0,0.09752,
2026-07-26T20:19:50+00:00,ESP-USDT-SWAP,ESP,2.0,-0.0012747902388453,0.01,-0.01,False,False,False,,0.0,0.09663,
2026-07-26T20:30:26+00:00,ESP-USDT-SWAP,ESP,2.0,-0.0011264416555234,0.01,-0.01,False,False,False,,0.0,0.09749,
2026-07-26T20:41:02+00:00,ESP-USDT-SWAP,ESP,2.0,-0.0009962434902233,0.01,-0.01,False,False,False,,0.0,0.09731,
2026-07-26T20:51:39+00:00,ESP-USDT-SWAP,ESP,2.0,-0.0009179282601842,0.01,-0.01,False,False,False,,0.0,0.10456,
2026-07-26T21:13:11+00:00,ESP-USDT-SWAP,ESP,2.0,-0.0011126077071471,0.01,-0.01,False,False,False,,0.0,0.10642,
2026-07-26T21:23:47+00:00,ESP-USDT-SWAP,ESP,2.0,-0.0012907247570819,0.01,-0.01,False,False,False,,0.0,0.10947,
2026-07-26T21:34:25+00:00,ESP-USDT-SWAP,ESP,2.0,-0.0013785124253086,0.01,-0.01,False,False,False,,0.0,0.10944,
2026-07-26T21:45:02+00:00,ESP-USDT-SWAP,ESP,2.0,-0.0013925793271862,0.01,-0.01,False,False,False,,0.0,0.10807,
2026-07-26T21:55:39+00:00,ESP-USDT-SWAP,ESP,2.0,-0.0014519698452179,0.01,-0.01,False,False,False,,0.0,0.10937,
2026-07-26T22:06:16+00:00,ESP-USDT-SWAP,ESP,2.0,-0.0014718537298482,0.01,-0.01,False,False,False,,0.0,0.10924,
2026-07-26T22:16:53+00:00,ESP-USDT-SWAP,ESP,2.0,-0.0014552954651082,0.01,-0.01,False,False,False,,0.0,0.11196,
2026-07-26T22:27:30+00:00,ESP-USDT-SWAP,ESP,2.0,-0.0015882283148199,0.01,-0.01,False,False,False,,0.0,0.10825,
2026-07-26T22:38:07+00:00,ESP-USDT-SWAP,ESP,2.0,-0.0017086845242449,0.01,-0.01,False,False,False,,0.0,0.10929,
2026-07-26T22:48:44+00:00,ESP-USDT-SWAP,ESP,2.0,-0.0016822600577153,0.01,-0.01,False,False,False,,0.0,0.10934,
2026-07-26T22:59:22+00:00,ESP-USDT-SWAP,ESP,2.0,-0.0016701445429576,0.01,-0.01,False,False,False,,0.0,0.10879,
2026-07-26T23:09:59+00:00,ESP-USDT-SWAP,ESP,2.0,-0.0016228169649054,0.01,-0.01,False,False,False,,0.0,0.10943,
2026-07-26T23:20:36+00:00,ESP-USDT-SWAP,ESP,2.0,-0.0015713585886237,0.01,-0.01,False,False,False,,0.0,0.10915,
2026-07-26T23:31:13+00:00,ESP-USDT-SWAP,ESP,2.0,-0.0015508328075828,0.01,-0.01,False,False,False,,0.0,0.10954,
2026-07-26T23:41:50+00:00,ESP-USDT-SWAP,ESP,2.0,-0.0015208973871253,0.01,-0.01,False,False,False,,0.0,0.10908,
2026-07-26T23:52:28+00:00,ESP-USDT-SWAP,ESP,2.0,-0.0014858035337335,0.01,-0.01,False,False,False,,0.0,0.10899,
2026-07-27T00:03:05+00:00,ESP-USDT-SWAP,ESP,2.0,-0.0013974336623175,0.01,-0.01,False,False,False,,0.0,0.11073,
2026-07-27T00:13:42+00:00,ESP-USDT-SWAP,ESP,2.0,-0.0013689476268357,0.01,-0.01,False,False,False,,0.0,0.11078,
2026-07-27T00:24:20+00:00,ESP-USDT-SWAP,ESP,2.0,-0.0013479880768851,0.01,-0.01,False,False,False,,0.0,0.1112,
2026-07-27T00:34:58+00:00,ESP-USDT-SWAP,ESP,2.0,-0.001329078390065,0.01,-0.01,False,False,False,,0.0,0.1105,
2026-07-27T00:45:35+00:00,ESP-USDT-SWAP,ESP,2.0,-0.0013313471868332,0.01,-0.01,False,False,False,,0.0,0.11343,
2026-07-27T00:56:13+00:00,ESP-USDT-SWAP,ESP,2.0,-0.0013422688002836,0.01,-0.01,False,False,False,,0.0,0.11358,
2026-07-27T01:06:55+00:00,ESP-USDT-SWAP,ESP,2.0,-0.0013738339996643,0.01,-0.01,False,False,False,,0.0,0.11001,
2026-07-27T01:17:33+00:00,ESP-USDT-SWAP,ESP,2.0,-0.0012640063986871,0.01,-0.01,False,False,False,,0.0,0.1097,
2026-07-27T01:28:10+00:00,ESP-USDT-SWAP,ESP,2.0,-0.0011780675538978,0.01,-0.01,False,False,False,,0.0,0.11637,
2026-07-27T01:38:47+00:00,ESP-USDT-SWAP,ESP,2.0,-0.0012297060946833,0.01,-0.01,False,False,False,,0.0,0.11827,
2026-07-27T01:49:25+00:00,ESP-USDT-SWAP,ESP,2.0,-0.0013322095816789,0.01,-0.01,False,False,False,,0.0,0.11737,
2026-07-27T02:11:02+00:00,ESP-USDT-SWAP,ESP,2.0,-0.001298174888247,0.01,-0.01,False,False,False,,0.0,0.10392,
2026-07-27T02:21:40+00:00,ESP-USDT-SWAP,ESP,2.0,-0.0012799797093546,0.01,-0.01,False,False,False,,0.0,0.10456,
2026-07-27T02:32:17+00:00,ESP-USDT-SWAP,ESP,2.0,-0.0013129895567143,0.01,-0.01,False,False,False,,0.0,0.10263,
2026-07-27T02:42:57+00:00,ESP-USDT-SWAP,ESP,2.0,-0.0012701579097516,0.01,-0.01,False,False,False,,0.0,0.10249,
2026-07-27T02:53:35+00:00,ESP-USDT-SWAP,ESP,2.0,-0.0012789866630879,0.01,-0.01,False,False,False,,0.0,0.10266,
2026-07-27T03:04:13+00:00,ESP-USDT-SWAP,ESP,2.0,-0.0012347906662781,0.01,-0.01,False,False,False,,0.0,0.10246,
2026-07-27T03:14:52+00:00,ESP-USDT-SWAP,ESP,2.0,-0.0011243614796572,0.01,-0.01,False,False,False,,0.0,0.10421,
2026-07-27T03:25:30+00:00,ESP-USDT-SWAP,ESP,2.0,-0.001066211463924,0.01,-0.01,False,False,False,,0.0,0.10586,
2026-07-27T03:36:08+00:00,ESP-USDT-SWAP,ESP,2.0,-0.0010344044794359,0.01,-0.01,False,False,False,,0.0,0.1061,
2026-07-27T03:46:46+00:00,ESP-USDT-SWAP,ESP,2.0,-0.0010047321321214,0.01,-0.01,False,False,False,,0.0,0.10732,
2026-07-27T03:57:24+00:00,ESP-USDT-SWAP,ESP,2.0,-0.0009951021435991,0.01,-0.01,False,False,False,,0.0,0.10526,
2026-07-27T04:08:02+00:00,ESP-USDT-SWAP,ESP,2.0,-0.0009644803817106,0.01,-0.01,False,False,False,,0.0,0.10625,
2026-07-27T04:18:41+00:00,ESP-USDT-SWAP,ESP,2.0,-0.000925410053718,0.01,-0.01,False,False,False,,0.0,0.1047,
2026-07-27T04:29:23+00:00,ESP-USDT-SWAP,ESP,2.0,-0.0008656743929326,0.01,-0.01,False,False,False,,0.0,0.10796,
2026-07-27T04:40:02+00:00,ESP-USDT-SWAP,ESP,2.0,-0.0008769859284526,0.01,-0.01,False,False,False,,0.0,0.10759,
2026-07-27T04:50:40+00:00,ESP-USDT-SWAP,ESP,2.0,-0.0009096606911046,0.01,-0.01,False,False,False,,0.0,0.1081,
2026-07-27T05:01:18+00:00,ESP-USDT-SWAP,ESP,2.0,-0.0010289988998602,0.01,-0.01,False,False,False,,0.0,0.11079,
2026-07-27T05:11:57+00:00,ESP-USDT-SWAP,ESP,2.0,-0.0012324208325493,0.01,-0.01,False,False,False,,0.0,0.11092,
2026-07-27T05:22:36+00:00,ESP-USDT-SWAP,ESP,2.0,-0.0014796494468282,0.01,-0.01,False,False,False,,0.0,0.11099,
2026-07-27T05:33:14+00:00,ESP-USDT-SWAP,ESP,2.0,-0.0016561420745228,0.01,-0.01,False,False,False,,0.0,0.10958,
2026-07-27T05:43:53+00:00,ESP-USDT-SWAP,ESP,2.0,-0.001732802926044,0.01,-0.01,False,False,False,,0.0,0.10988,
2026-07-27T05:54:32+00:00,ESP-USDT-SWAP,ESP,2.0,-0.0017690653907266,0.01,-0.01,False,False,False,,0.0,0.10672,
2026-07-27T06:05:10+00:00,ESP-USDT-SWAP,ESP,2.0,-0.0017746428801619,0.01,-0.01,False,False,False,,0.0,0.1068,
2026-07-27T06:15:49+00:00,ESP-USDT-SWAP,ESP,2.0,-0.001806859078459,0.01,-0.01,False,False,False,,0.0,0.10445,
2026-07-27T06:26:27+00:00,ESP-USDT-SWAP,ESP,2.0,-0.0016797271656791,0.01,-0.01,False,False,False,,0.0,0.09883,
2026-07-27T06:37:06+00:00,ESP-USDT-SWAP,ESP,2.0,-0.0015570517288503,0.01,-0.01,False,False,False,,0.0,0.09671,
2026-07-27T06:47:45+00:00,ESP-USDT-SWAP,ESP,2.0,-0.0013939475861698,0.01,-0.01,False,False,False,,0.0,0.0961,
2026-07-27T07:09:11+00:00,ESP-USDT-SWAP,ESP,2.0,-0.0009958890402673,0.01,-0.01,False,False,False,,0.0,0.09171,
2026-07-27T07:19:45+00:00,ESP-USDT-SWAP,ESP,2.0,-0.0008106382691545,0.01,-0.01,False,False,False,,0.0,0.09321,
2026-07-27T07:30:19+00:00,ESP-USDT-SWAP,ESP,2.0,-0.0007833616261283,0.01,-0.01,False,False,False,,0.0,0.09298,
2026-07-27T07:40:57+00:00,ESP-USDT-SWAP,ESP,2.0,-0.0007791234511821,0.01,-0.01,False,False,False,,0.0,0.09339,
2026-07-27T07:51:30+00:00,ESP-USDT-SWAP,ESP,2.0,-0.0008121402532156,0.01,-0.01,False,False,False,,0.0,0.09246,
2026-07-27T11:33:17+00:00,AEON-USDT-SWAP,AEON,4.0,-0.01,0.01,-0.01,True,False,False,,0.0,0.10499,0.10999
2026-07-28T01:30:59+00:00,LA-USDT-SWAP,LA,4.0,-0.01,0.01,-0.01,True,False,False,,0.0,0.06535,
2026-07-28T01:41:31+00:00,LA-USDT-SWAP,LA,4.0,-0.01,0.01,-0.01,True,False,False,,0.0,0.07024,
2026-07-28T01:52:03+00:00,LA-USDT-SWAP,LA,4.0,-0.01,0.01,-0.01,True,False,False,,0.0,0.06945,
2026-07-28T02:02:35+00:00,LA-USDT-SWAP,LA,4.0,-0.01,0.01,-0.01,True,False,False,,0.0,0.06755,
2026-07-28T04:31:36+00:00,FWDI-USDT-SWAP,FWDI,8.0,0.0099624078512313,0.01,-0.01,True,False,False,,0.0,4.0,
2026-07-28T04:42:16+00:00,FWDI-USDT-SWAP,FWDI,8.0,0.01,0.01,-0.01,True,False,False,,0.0,4.01,
2026-07-28T04:52:56+00:00,FWDI-USDT-SWAP,FWDI,8.0,0.01,0.01,-0.01,True,False,False,,0.0,3.96,
2026-07-28T07:01:01+00:00,LA-USDT-SWAP,LA,4.0,-0.01,0.01,-0.01,True,False,False,,0.0,0.06394,
2026-07-28T07:11:40+00:00,LA-USDT-SWAP,LA,4.0,-0.01,0.01,-0.01,True,False,False,,0.0,0.06436,
2026-07-28T07:22:26+00:00,LA-USDT-SWAP,LA,4.0,-0.01,0.01,-0.01,True,False,False,,0.0,0.06408,
2026-07-28T07:33:07+00:00,LA-USDT-SWAP,LA,4.0,-0.01,0.01,-0.01,True,False,False,,0.0,0.06327,
2026-07-28T07:55:00+00:00,LA-USDT-SWAP,LA,4.0,-0.01,0.01,-0.01,True,False,False,,0.0,0.06334,
2026-07-28T08:05:45+00:00,LA-USDT-SWAP,LA,2.0,-0.01,0.01,-0.01,True,True,False,,0.0,0.06479,
2026-07-28T08:16:29+00:00,LA-USDT-SWAP,LA,2.0,-0.01,0.01,-0.01,True,True,False,,0.0,0.06331,
2026-07-28T08:27:14+00:00,LA-USDT-SWAP,LA,2.0,-0.01,0.01,-0.01,True,True,False,,0.0,0.06334,
2026-07-28T08:37:58+00:00,LA-USDT-SWAP,LA,2.0,-0.01,0.01,-0.01,True,True,False,,0.0,0.06379,
2026-07-28T08:48:42+00:00,LA-USDT-SWAP,LA,2.0,-0.01,0.01,-0.01,True,True,False,,0.0,0.06378,
2026-07-28T08:59:25+00:00,LA-USDT-SWAP,LA,2.0,-0.01,0.01,-0.01,True,True,False,,0.0,0.0637,
2026-07-28T09:10:09+00:00,LA-USDT-SWAP,LA,2.0,-0.01,0.01,-0.01,True,True,False,,0.0,0.06352,
2026-07-28T09:20:52+00:00,LA-USDT-SWAP,LA,2.0,-0.01,0.01,-0.01,True,True,False,,0.0,0.06324,
2026-07-28T09:31:35+00:00,LA-USDT-SWAP,LA,2.0,-0.01,0.01,-0.01,True,True,False,,0.0,0.06373,
2026-07-28T09:42:19+00:00,LA-USDT-SWAP,LA,2.0,-0.009757360257559,0.01,-0.01,False,True,False,,0.0,0.06248,
2026-07-28T09:53:03+00:00,LA-USDT-SWAP,LA,2.0,-0.0088814306477646,0.01,-0.01,False,True,False,,0.0,0.0674,
2026-07-28T10:03:47+00:00,LA-USDT-SWAP,LA,2.0,-0.0077543796523613,0.01,-0.01,False,False,False,,0.0,0.06568,
2026-07-28T10:14:32+00:00,LA-USDT-SWAP,LA,2.0,-0.0071800438545531,0.01,-0.01,False,False,False,,0.0,0.06542,
2026-07-28T10:25:15+00:00,LA-USDT-SWAP,LA,2.0,-0.0066426445764283,0.01,-0.01,False,False,False,,0.0,0.06531,
2026-07-28T10:35:58+00:00,LA-USDT-SWAP,LA,2.0,-0.006181329104742,0.01,-0.01,False,False,False,,0.0,0.06562,
2026-07-28T10:46:41+00:00,LA-USDT-SWAP,LA,2.0,-0.0057529957385584,0.01,-0.01,False,False,False,,0.0,0.06592,
2026-07-28T10:57:23+00:00,LA-USDT-SWAP,LA,2.0,-0.0053968697532701,0.01,-0.01,False,False,False,,0.0,0.0657,
2026-07-28T11:08:07+00:00,LA-USDT-SWAP,LA,2.0,-0.0049810542261193,0.01,-0.01,False,False,False,,0.0,0.06555,
2026-07-28T11:18:50+00:00,LA-USDT-SWAP,LA,2.0,-0.0046726614421191,0.01,-0.01,False,False,False,,0.0,0.06551,
2026-07-28T11:29:33+00:00,LA-USDT-SWAP,LA,2.0,-0.0042945003139724,0.01,-0.01,False,False,False,,0.0,0.06539,
2026-07-28T11:40:20+00:00,LA-USDT-SWAP,LA,2.0,-0.003991832335401,0.01,-0.01,False,False,False,,0.0,0.06603,
2026-07-28T11:51:04+00:00,LA-USDT-SWAP,LA,2.0,-0.0038041524003182,0.01,-0.01,False,False,False,,0.0,0.06558,
2026-07-28T12:01:48+00:00,LA-USDT-SWAP,LA,2.0,-0.003652243214103,0.01,-0.01,False,False,False,,0.0,0.06536,
2026-07-28T12:12:31+00:00,LA-USDT-SWAP,LA,2.0,-0.0039551738390056,0.01,-0.01,False,False,False,,0.0,0.06354,
2026-07-28T12:23:15+00:00,LA-USDT-SWAP,LA,2.0,-0.0042885014500513,0.01,-0.01,False,False,False,,0.0,0.0636,
2026-07-28T12:33:57+00:00,LA-USDT-SWAP,LA,2.0,-0.0045200470553646,0.01,-0.01,False,False,False,,0.0,0.06404,
2026-07-28T12:55:34+00:00,LA-USDT-SWAP,LA,2.0,-0.0045899427713759,0.01,-0.01,False,False,False,,0.0,0.06434,
2026-07-28T13:06:13+00:00,LA-USDT-SWAP,LA,2.0,-0.0045501346624396,0.01,-0.01,False,False,False,,0.0,0.06414,
2026-07-28T13:16:53+00:00,LA-USDT-SWAP,LA,2.0,-0.0046035258978725,0.01,-0.01,False,False,False,,0.0,0.0638,
2026-07-28T13:27:32+00:00,LA-USDT-SWAP,LA,2.0,-0.0046886862256502,0.01,-0.01,False,False,False,,0.0,0.06342,
2026-07-28T13:38:12+00:00,LA-USDT-SWAP,LA,2.0,-0.0047890105385014,0.01,-0.01,False,False,False,,0.0,0.06262,
2026-07-28T13:48:51+00:00,LA-USDT-SWAP,LA,2.0,-0.0047452774437408,0.01,-0.01,False,False,False,,0.0,0.06304,
2026-07-28T13:59:37+00:00,LA-USDT-SWAP,LA,2.0,-0.00465286218751,0.01,-0.01,False,False,False,,0.0,0.06362,
2026-07-28T14:10:18+00:00,LA-USDT-SWAP,LA,2.0,-0.0046313200872293,0.01,-0.01,False,False,False,,0.0,0.06328,
2026-07-28T14:20:59+00:00,LA-USDT-SWAP,LA,2.0,-0.0046658151491654,0.01,-0.01,False,False,False,,0.0,0.0627,
2026-07-28T14:31:44+00:00,LA-USDT-SWAP,LA,2.0,-0.0046145978631507,0.01,-0.01,False,False,False,,0.0,0.06287,
2026-07-28T14:42:25+00:00,LA-USDT-SWAP,LA,2.0,-0.0046433668096986,0.01,-0.01,False,False,False,,0.0,0.06312,
2026-07-28T14:53:09+00:00,LA-USDT-SWAP,LA,2.0,-0.0047040332485864,0.01,-0.01,False,False,False,,0.0,0.06309,
2026-07-28T15:03:48+00:00,LA-USDT-SWAP,LA,2.0,-0.0048327599875291,0.01,-0.01,False,False,False,,0.0,0.06303,
2026-07-28T15:14:29+00:00,LA-USDT-SWAP,LA,2.0,-0.0048947677477029,0.01,-0.01,False,False,False,,0.0,0.06451,
2026-07-28T15:25:12+00:00,LA-USDT-SWAP,LA,2.0,-0.0048476291442792,0.01,-0.01,False,False,False,,0.0,0.06417,
2026-07-28T15:35:55+00:00,LA-USDT-SWAP,LA,2.0,-0.0047977955723799,0.01,-0.01,False,False,False,,0.0,0.06396,
2026-07-28T15:46:37+00:00,LA-USDT-SWAP,LA,2.0,-0.0047628415860034,0.01,-0.01,False,False,False,,0.0,0.06375,
2026-07-28T15:57:17+00:00,LA-USDT-SWAP,LA,2.0,-0.0047043319966731,0.01,-0.01,False,False,False,,0.0,0.0635,
2026-07-28T16:07:58+00:00,LA-USDT-SWAP,LA,2.0,-0.004680102342985,0.01,-0.01,False,False,False,,0.0,0.06352,
2026-07-28T16:18:40+00:00,LA-USDT-SWAP,LA,2.0,-0.004619931873735,0.01,-0.01,False,False,False,,0.0,0.06336,
2026-07-28T16:29:22+00:00,LA-USDT-SWAP,LA,2.0,-0.0047094912006289,0.01,-0.01,False,False,False,,0.0,0.0634,
2026-07-28T16:40:03+00:00,LA-USDT-SWAP,LA,2.0,-0.0047672869905034,0.01,-0.01,False,False,False,,0.0,0.06324,
2026-07-28T16:50:44+00:00,LA-USDT-SWAP,LA,2.0,-0.0047574497685895,0.01,-0.01,False,False,False,,0.0,0.06298,
2026-07-28T17:01:28+00:00,LA-USDT-SWAP,LA,2.0,-0.0047242229624781,0.01,-0.01,False,False,False,,0.0,0.06297,
2026-07-28T17:12:20+00:00,LA-USDT-SWAP,LA,2.0,-0.0046639942869807,0.01,-0.01,False,False,False,,0.0,0.0641,
2026-07-28T17:23:10+00:00,LA-USDT-SWAP,LA,2.0,-0.0047978120231805,0.01,-0.01,False,False,False,,0.0,0.06387,
2026-07-28T17:34:00+00:00,LA-USDT-SWAP,LA,2.0,-0.0048653224266615,0.01,-0.01,False,False,False,,0.0,0.06384,
2026-07-28T17:55:49+00:00,LA-USDT-SWAP,LA,2.0,-0.0047952328912597,0.01,-0.01,False,False,False,,0.0,0.06355,
2026-07-28T18:06:34+00:00,LA-USDT-SWAP,LA,2.0,-0.0046738581240986,0.01,-0.01,False,False,False,,0.0,0.06327,
2026-07-28T18:17:18+00:00,LA-USDT-SWAP,LA,2.0,-0.0046752418806281,0.01,-0.01,False,False,False,,0.0,0.06285,
2026-07-28T18:28:03+00:00,LA-USDT-SWAP,LA,2.0,-0.0047565490523384,0.01,-0.01,False,False,False,,0.0,0.06323,
2026-07-28T18:38:47+00:00,LA-USDT-SWAP,LA,2.0,-0.0048363451473842,0.01,-0.01,False,False,False,,0.0,0.06339,
2026-07-28T18:49:32+00:00,LA-USDT-SWAP,LA,2.0,-0.0049652843742631,0.01,-0.01,False,False,False,,0.0,0.06364,
2026-07-28T19:00:17+00:00,LA-USDT-SWAP,LA,2.0,-0.0050449549230133,0.01,-0.01,False,False,False,,0.0,0.06369,
2026-07-28T19:11:02+00:00,LA-USDT-SWAP,LA,2.0,-0.0050411430957158,0.01,-0.01,False,False,False,,0.0,0.06376,
2026-07-28T19:21:47+00:00,LA-USDT-SWAP,LA,2.0,-0.004975961389235,0.01,-0.01,False,False,False,,0.0,0.06406,
2026-07-28T19:32:32+00:00,LA-USDT-SWAP,LA,2.0,-0.0049063513984635,0.01,-0.01,False,False,False,,0.0,0.0642,
2026-07-28T19:43:16+00:00,LA-USDT-SWAP,LA,2.0,-0.004818107320233,0.01,-0.01,False,False,False,,0.0,0.06375,
2026-07-28T19:54:05+00:00,LA-USDT-SWAP,LA,2.0,-0.0047896460493061,0.01,-0.01,False,False,False,,0.0,0.06387,
2026-07-28T20:04:50+00:00,LA-USDT-SWAP,LA,2.0,-0.0051069344757679,0.01,-0.01,False,False,False,,0.0,0.06235,
2026-07-28T20:15:35+00:00,LA-USDT-SWAP,LA,2.0,-0.0054628617791988,0.01,-0.01,False,False,False,,0.0,0.06242,
2026-07-28T20:26:19+00:00,LA-USDT-SWAP,LA,2.0,-0.0056590299136532,0.01,-0.01,False,False,False,,0.0,0.06257,
2026-07-28T20:37:04+00:00,LA-USDT-SWAP,LA,2.0,-0.0057934496819969,0.01,-0.01,False,False,False,,0.0,0.06257,
2026-07-28T20:47:50+00:00,LA-USDT-SWAP,LA,2.0,-0.0058135916219698,0.01,-0.01,False,False,False,,0.0,0.06266,
2026-07-28T20:58:34+00:00,LA-USDT-SWAP,LA,2.0,-0.0058222546732557,0.01,-0.01,False,False,False,,0.0,0.06386,
2026-07-28T21:09:19+00:00,LA-USDT-SWAP,LA,2.0,-0.0058021787374458,0.01,-0.01,False,False,False,,0.0,0.06324,
2026-07-28T21:20:04+00:00,LA-USDT-SWAP,LA,2.0,-0.0056869195112559,0.01,-0.01,False,False,False,,0.0,0.06338,
2026-07-28T21:30:49+00:00,LA-USDT-SWAP,LA,2.0,-0.0055505604843298,0.01,-0.01,False,False,False,,0.0,0.06325,
2026-07-28T21:41:34+00:00,LA-USDT-SWAP,LA,2.0,-0.0053092636791426,0.01,-0.01,False,False,False,,0.0,0.06322,
2026-07-28T21:52:20+00:00,LA-USDT-SWAP,LA,2.0,-0.005046723793853,0.01,-0.01,False,False,False,,0.0,0.06327,
2026-07-28T22:03:05+00:00,LA-USDT-SWAP,LA,2.0,-0.0048094387889308,0.01,-0.01,False,False,False,,0.0,0.06263,
2026-07-28T22:13:50+00:00,LA-USDT-SWAP,LA,2.0,-0.0048077668005248,0.01,-0.01,False,False,False,,0.0,0.06228,
2026-07-28T22:24:35+00:00,LA-USDT-SWAP,LA,2.0,-0.0048669500733045,0.01,-0.01,False,False,False,,0.0,0.06229,
2026-07-28T22:46:29+00:00,LA-USDT-SWAP,LA,2.0,-0.0051832086118384,0.01,-0.01,False,False,False,,0.0,0.06224,
2026-07-28T22:57:14+00:00,LA-USDT-SWAP,LA,2.0,-0.0054726713333057,0.01,-0.01,False,False,False,,0.0,0.0629,
2026-07-28T23:08:00+00:00,LA-USDT-SWAP,LA,2.0,-0.0056587369156774,0.01,-0.01,False,False,False,,0.0,0.06377,
2026-07-28T23:18:45+00:00,LA-USDT-SWAP,LA,2.0,-0.0056828219853801,0.01,-0.01,False,False,False,,0.0,0.06316,
2026-07-28T23:29:31+00:00,LA-USDT-SWAP,LA,2.0,-0.0054692559398087,0.01,-0.01,False,False,False,,0.0,0.06326,
2026-07-28T23:40:17+00:00,LA-USDT-SWAP,LA,2.0,-0.0052694300757187,0.01,-0.01,False,False,False,,0.0,0.06284,
2026-07-28T23:51:03+00:00,LA-USDT-SWAP,LA,2.0,-0.005078320424864,0.01,-0.01,False,False,False,,0.0,0.0629,
2026-07-29T00:01:48+00:00,LA-USDT-SWAP,LA,2.0,-0.0049682878968923,0.01,-0.01,False,False,False,,0.0,0.06188,
2026-07-29T00:12:34+00:00,LA-USDT-SWAP,LA,2.0,-0.0052469993068221,0.01,-0.01,False,False,False,,0.0,0.06197,
2026-07-29T00:23:21+00:00,LA-USDT-SWAP,LA,2.0,-0.0057775996773982,0.01,-0.01,False,False,False,,0.0,0.0626,
2026-07-29T00:34:06+00:00,LA-USDT-SWAP,LA,2.0,-0.0066469788512591,0.01,-0.01,False,False,False,,0.0,0.062,
2026-07-29T00:44:53+00:00,LA-USDT-SWAP,LA,2.0,-0.0076434143938832,0.01,-0.01,False,False,False,,0.0,0.06235,
2026-07-29T00:55:39+00:00,LA-USDT-SWAP,LA,2.0,-0.0084931802972925,0.01,-0.01,False,False,False,,0.0,0.0623,
2026-07-29T01:06:25+00:00,LA-USDT-SWAP,LA,2.0,-0.0091206325114214,0.01,-0.01,False,False,False,,0.0,0.06245,
2026-07-29T01:17:11+00:00,LA-USDT-SWAP,LA,2.0,-0.0095721686618804,0.01,-0.01,False,False,False,,0.0,0.06246,
2026-07-29T01:27:57+00:00,LA-USDT-SWAP,LA,2.0,-0.0098597304544519,0.01,-0.01,False,False,False,,0.0,0.06226,
2026-07-29T01:38:44+00:00,LA-USDT-SWAP,LA,2.0,-0.0099823117042989,0.01,-0.01,True,False,False,,0.0,0.06271,
2026-07-29T01:49:30+00:00,LA-USDT-SWAP,LA,2.0,-0.0099602523565199,0.01,-0.01,True,False,False,,0.0,0.0625,
2026-07-29T02:00:16+00:00,LA-USDT-SWAP,LA,2.0,-0.0098574164982014,0.01,-0.01,False,False,False,,0.0,0.06336,
2026-07-29T02:11:02+00:00,LA-USDT-SWAP,LA,2.0,-0.0096462144047361,0.01,-0.01,False,False,False,,0.0,0.06383,
2026-07-29T02:21:47+00:00,LA-USDT-SWAP,LA,2.0,-0.0092339522875686,0.01,-0.01,False,False,False,,0.0,0.06366,
2026-07-29T02:32:33+00:00,LA-USDT-SWAP,LA,2.0,-0.0088965354340061,0.01,-0.01,False,False,False,,0.0,0.06302,
2026-07-29T02:43:20+00:00,LA-USDT-SWAP,LA,2.0,-0.0084515223433592,0.01,-0.01,False,False,False,,0.0,0.06297,
2026-07-29T02:54:06+00:00,LA-USDT-SWAP,LA,2.0,-0.0080474399461583,0.01,-0.01,False,False,False,,0.0,0.06311,
2026-07-29T03:04:51+00:00,LA-USDT-SWAP,LA,2.0,-0.0076145339673371,0.01,-0.01,False,False,False,,0.0,0.0641,
2026-07-29T03:15:37+00:00,LA-USDT-SWAP,LA,2.0,-0.0070998019957963,0.01,-0.01,False,False,False,,0.0,0.06394,
2026-07-29T03:37:26+00:00,LA-USDT-SWAP,LA,2.0,-0.0062634405545705,0.01,-0.01,False,False,False,,0.0,0.06209,
2026-07-29T03:48:12+00:00,LA-USDT-SWAP,LA,2.0,-0.006349863243078,0.01,-0.01,False,False,False,,0.0,0.05811,
2026-07-29T03:58:55+00:00,LA-USDT-SWAP,LA,2.0,-0.0065919168426661,0.01,-0.01,False,False,False,,0.0,0.05755,
2026-07-29T04:09:40+00:00,LA-USDT-SWAP,LA,2.0,-0.0066275280153696,0.01,-0.01,False,False,False,,0.0,0.05734,
2026-07-29T04:20:23+00:00,LA-USDT-SWAP,LA,2.0,-0.0068270827980792,0.01,-0.01,False,False,False,,0.0,0.05734,
2026-07-29T04:31:09+00:00,LA-USDT-SWAP,LA,2.0,-0.0070233111263609,0.01,-0.01,False,False,False,,0.0,0.05705,
2026-07-29T04:41:53+00:00,LA-USDT-SWAP,LA,2.0,-0.0071166457452513,0.01,-0.01,False,False,False,,0.0,0.05803,
2026-07-29T04:52:38+00:00,LA-USDT-SWAP,LA,2.0,-0.007198333335417,0.01,-0.01,False,False,False,,0.0,0.05871,
2026-07-29T05:03:23+00:00,LA-USDT-SWAP,LA,2.0,-0.00725938325438,0.01,-0.01,False,False,False,,0.0,0.05992,
2026-07-29T05:14:08+00:00,LA-USDT-SWAP,LA,2.0,-0.0073232098213382,0.01,-0.01,False,False,False,,0.0,0.05985,
2026-07-29T05:24:52+00:00,LA-USDT-SWAP,LA,2.0,-0.0072573086160649,0.01,-0.01,False,False,False,,0.0,0.05957,
2026-07-29T05:35:37+00:00,LA-USDT-SWAP,LA,2.0,-0.0071014859217805,0.01,-0.01,False,False,False,,0.0,0.0619,
2026-07-29T05:46:22+00:00,LA-USDT-SWAP,LA,2.0,-0.0068175933901313,0.01,-0.01,False,False,False,,0.0,0.06039,
2026-07-29T05:57:07+00:00,LA-USDT-SWAP,LA,2.0,-0.0065322907662787,0.01,-0.01,False,False,False,,0.0,0.05987,
2026-07-29T06:07:52+00:00,LA-USDT-SWAP,LA,2.0,-0.0063367884317105,0.01,-0.01,False,False,False,,0.0,0.05919,
2026-07-29T06:18:38+00:00,LA-USDT-SWAP,LA,2.0,-0.0062233364502122,0.01,-0.01,False,False,False,,0.0,0.05851,
2026-07-29T06:29:23+00:00,LA-USDT-SWAP,LA,2.0,-0.006096647391913,0.01,-0.01,False,False,False,,0.0,0.05832,
2026-07-29T06:40:07+00:00,LA-USDT-SWAP,LA,2.0,-0.0059762647569971,0.01,-0.01,False,False,False,,0.0,0.05846,
2026-07-29T06:50:52+00:00,LA-USDT-SWAP,LA,2.0,-0.0059174533667983,0.01,-0.01,False,False,False,,0.0,0.05687,
2026-07-29T07:01:37+00:00,LA-USDT-SWAP,LA,2.0,-0.0060488237770273,0.01,-0.01,False,False,False,,0.0,0.05754,
2026-07-29T07:12:24+00:00,LA-USDT-SWAP,LA,2.0,-0.0061702914206901,0.01,-0.01,False,False,False,,0.0,0.05811,
2026-07-29T07:23:09+00:00,LA-USDT-SWAP,LA,2.0,-0.0062300564505195,0.01,-0.01,False,False,False,,0.0,0.0576,
2026-07-29T07:33:53+00:00,LA-USDT-SWAP,LA,2.0,-0.0062892018915978,0.01,-0.01,False,False,False,,0.0,0.05798,
2026-07-29T07:44:38+00:00,LA-USDT-SWAP,LA,2.0,-0.0063014128259273,0.01,-0.01,False,False,False,,0.0,0.05765,
2026-07-29T07:55:23+00:00,LA-USDT-SWAP,LA,2.0,-0.0063021382921512,0.01,-0.01,False,False,False,,0.0,0.0571,
2026-07-29T08:06:08+00:00,LA-USDT-SWAP,LA,2.0,-0.0064341498066389,0.01,-0.01,False,False,False,,0.0,0.05734,
2026-07-29T08:28:02+00:00,LA-USDT-SWAP,LA,2.0,-0.0070326516710392,0.01,-0.01,False,False,False,,0.0,0.05648,
2026-07-29T08:38:47+00:00,LA-USDT-SWAP,LA,2.0,-0.007235608793235,0.01,-0.01,False,False,False,,0.0,0.05582,
2026-07-29T08:49:33+00:00,LA-USDT-SWAP,LA,2.0,-0.007272964548227,0.01,-0.01,False,False,False,,0.0,0.05579,
2026-07-29T09:00:18+00:00,LA-USDT-SWAP,LA,2.0,-0.0073673732918138,0.01,-0.01,False,False,False,,0.0,0.05533,
2026-07-29T09:11:04+00:00,LA-USDT-SWAP,LA,2.0,-0.0073201465119194,0.01,-0.01,False,False,False,,0.0,0.05506,
2026-07-29T09:21:50+00:00,LA-USDT-SWAP,LA,2.0,-0.0071605668346798,0.01,-0.01,False,False,False,,0.0,0.05529,
2026-07-29T09:32:36+00:00,LA-USDT-SWAP,LA,2.0,-0.0070169134432914,0.01,-0.01,False,False,False,,0.0,0.05495,
2026-07-29T09:43:23+00:00,LA-USDT-SWAP,LA,2.0,-0.0068655174659821,0.01,-0.01,False,False,False,,0.0,0.05509,
2026-07-29T09:54:08+00:00,LA-USDT-SWAP,LA,2.0,-0.0067602325788881,0.01,-0.01,False,False,False,,0.0,0.05653,
2026-07-29T10:04:52+00:00,LA-USDT-SWAP,LA,2.0,-0.0066232500456859,0.01,-0.01,False,False,False,,0.0,0.05624,
2026-07-29T10:15:37+00:00,LA-USDT-SWAP,LA,2.0,-0.0065858695208782,0.01,-0.01,False,False,False,,0.0,0.05578,
2026-07-29T10:26:23+00:00,LA-USDT-SWAP,LA,2.0,-0.0065762618701913,0.01,-0.01,False,False,False,,0.0,0.05487,
2026-07-29T10:37:09+00:00,LA-USDT-SWAP,LA,2.0,-0.0064764172772122,0.01,-0.01,False,False,False,,0.0,0.05531,
2026-07-29T10:47:54+00:00,LA-USDT-SWAP,LA,2.0,-0.0065146677635993,0.01,-0.01,False,False,False,,0.0,0.0551,
2026-07-29T10:58:41+00:00,LA-USDT-SWAP,LA,2.0,-0.0065401984421441,0.01,-0.01,False,False,False,,0.0,0.05518,
2026-07-29T11:09:26+00:00,LA-USDT-SWAP,LA,2.0,-0.0066341016933888,0.01,-0.01,False,False,False,,0.0,0.05512,
2026-07-29T11:20:11+00:00,LA-USDT-SWAP,LA,2.0,-0.006666735619985,0.01,-0.01,False,False,False,,0.0,0.05532,
