ts,symbol,price,funding,next_funding_ms,open_interest,oi_value,turnover_24h,chg_24h
2026-07-15T00:04:25+00:00,BTCUSDT,64988.0,1.0852339229499113e-05,0,2004.0999,130242444.3012,396067988.2544,0.044353024362023596
2026-07-15T00:04:25+00:00,ETHUSDT,1890.4,6.65303466387151e-06,0,19475.247,36816006.9288,231960584.9096,0.06639589327015294
2026-07-15T00:04:25+00:00,SOLUSDT,77.8,1.4215414439267352e-05,0,227180.56,17674647.568,36009778.236,0.039828922747928486
2026-07-15T00:04:25+00:00,XRPUSDT,1.11129,1.3449732443976822e-05,0,9508225.0,10566395.360249998,10591082.667599998,0.042055811860020054
2026-07-15T00:04:25+00:00,AAPL,314.86,0.0,0,0.0,0.0,11438536975.32,-0.007721155967350457
2026-07-15T00:04:25+00:00,SPY,751.83,0.0,0,0.0,0.0,26415762073.38,0.003550595992898975
2026-07-15T00:04:25+00:00,NASDAQ,26107.008,0.0,0,0.0,0.0,161480825290752.0,0.009037622594149308
2026-07-15T00:04:25+00:00,RELIANCE,1293.0,0.0,0,0.0,0.0,17469135978.0,-0.0030071709461023666
2026-07-15T00:04:25+00:00,NIFTY,24052.05,0.0,0,0.0,0.0,0.0,-0.00656519763743757
2026-07-15T00:04:25+00:00,SENSEX,77054.94,0.0,0,0.0,0.0,0.0,-0.007233780489690256
2026-07-15T00:04:25+00:00,EURUSD,1.143,0.0,0,0.0,0.0,0.0,0.0004376367614880028
2026-07-15T00:04:25+00:00,GOLD,4059.8,0.0,0,0.0,0.0,13539433.0,-0.002432611740423085
2026-07-15T00:14:28+00:00,BTCUSDT,64874.0,1.0871409529960977e-05,0,1996.7452,129536848.1048,394345957.3434,0.039747411610090655
2026-07-15T00:14:28+00:00,ETHUSDT,1886.2,6.667848970725641e-06,0,19456.961,36699719.8382,228243586.3614,0.06031817415256624
2026-07-15T00:14:28+00:00,SOLUSDT,77.65,1.4242874995170635e-05,0,226869.9,17616447.735,35621723.186000004,0.03340431195102478
2026-07-15T00:14:28+00:00,XRPUSDT,1.11079,1.3455786573219961e-05,0,9504958.0,10558012.29682,10568906.925139999,0.040913478207903475
2026-07-15T00:14:28+00:00,AAPL,314.86,0.0,0,0.0,0.0,11438536975.32,-0.007721155967350457
2026-07-15T00:14:28+00:00,SPY,751.83,0.0,0,0.0,0.0,26415762073.38,0.003550595992898975
2026-07-15T00:14:28+00:00,NASDAQ,26107.008,0.0,0,0.0,0.0,161480825290752.0,0.009037622594149308
2026-07-15T00:14:28+00:00,RELIANCE,1293.0,0.0,0,0.0,0.0,17469135978.0,-0.0030071709461023666
2026-07-15T00:14:28+00:00,NIFTY,24052.05,0.0,0,0.0,0.0,0.0,-0.00656519763743757
2026-07-15T00:14:28+00:00,SENSEX,77054.94,0.0,0,0.0,0.0,0.0,-0.007233780489690256
2026-07-15T00:14:28+00:00,EURUSD,1.1429,0.0,0,0.0,0.0,0.0,0.0003501094091902246
2026-07-15T00:14:28+00:00,GOLD,4061.2,0.0,0,0.0,0.0,14112670.0,-0.002088606039757246
2026-07-15T00:24:32+00:00,BTCUSDT,64852.0,1.0875097481136871e-05,0,1996.9862,129508549.0424,392593449.916,0.04072921012934483
2026-07-15T00:24:32+00:00,ETHUSDT,1881.6,6.684150047078393e-06,0,19751.953,37165274.7648,229361739.5328,0.059042044239320024
2026-07-15T00:24:32+00:00,SOLUSDT,77.66,1.42410409911795e-05,0,226503.16,17590235.4056,35381806.691,0.034225595951524745
2026-07-15T00:24:32+00:00,XRPUSDT,1.10816,1.3487721238509782e-05,0,9507565.0,10535903.2304,10549005.00608,0.039578975018058626
2026-07-15T00:24:32+00:00,AAPL,314.86,0.0,0,0.0,0.0,11438536975.32,-0.007721155967350457
2026-07-15T00:24:32+00:00,SPY,751.83,0.0,0,0.0,0.0,26415762073.38,0.003550595992898975
2026-07-15T00:24:32+00:00,NASDAQ,26107.008,0.0,0,0.0,0.0,161480825290752.0,0.009037622594149308
2026-07-15T00:24:32+00:00,RELIANCE,1293.0,0.0,0,0.0,0.0,17469135978.0,-0.0030071709461023666
2026-07-15T00:24:32+00:00,NIFTY,24052.05,0.0,0,0.0,0.0,0.0,-0.00656519763743757
2026-07-15T00:24:32+00:00,SENSEX,77054.94,0.0,0,0.0,0.0,0.0,-0.007233780489690256
2026-07-15T00:24:32+00:00,EURUSD,1.143,0.0,0,0.0,0.0,0.0,0.0004376367614880028
2026-07-15T00:24:32+00:00,GOLD,4057.4,0.0,0,0.0,0.0,14724304.6,-0.003022335798707476
2026-07-15T00:34:36+00:00,BTCUSDT,64782.0,1.0886848535807606e-05,0,2000.068,129568405.176,391910512.28040004,0.03897228637413397
2026-07-15T00:34:36+00:00,ETHUSDT,1878.6,6.694824192793945e-06,0,19829.991,37252621.0926,228825534.97619998,0.05497837928904348
2026-07-15T00:34:36+00:00,SOLUSDT,77.52,1.4266760105456657e-05,0,226375.35,17548617.132,35240204.4,0.031536926147704536
2026-07-15T00:34:36+00:00,XRPUSDT,1.10738,1.3497221520767036e-05,0,9499801.0,10519889.631380001,10341825.142140001,0.038165505732794536
2026-07-15T00:34:36+00:00,AAPL,314.86,0.0,0,0.0,0.0,11438536975.32,-0.007721155967350457
2026-07-15T00:34:36+00:00,SPY,751.83,0.0,0,0.0,0.0,26415762073.38,0.003550595992898975
2026-07-15T00:34:36+00:00,NASDAQ,26107.008,0.0,0,0.0,0.0,161480825290752.0,0.009037622594149308
2026-07-15T00:34:36+00:00,RELIANCE,1293.0,0.0,0,0.0,0.0,17469135978.0,-0.0030071709461023666
2026-07-15T00:34:36+00:00,NIFTY,24052.05,0.0,0,0.0,0.0,0.0,-0.00656519763743757
2026-07-15T00:34:36+00:00,SENSEX,77054.94,0.0,0,0.0,0.0,0.0,-0.007233780489690256
2026-07-15T00:34:36+00:00,EURUSD,1.1432,0.0,0,0.0,0.0,0.0,0.0006126914660831151
2026-07-15T00:34:36+00:00,GOLD,4062.4,0.0,0,0.0,0.0,16452720.0,-0.0017937440106149394
2026-07-15T00:44:39+00:00,BTCUSDT,64742.0,1.0893574833132871e-05,0,1999.8335,129473220.457,392214882.73039997,0.040199228791773844
2026-07-15T00:44:39+00:00,ETHUSDT,1877.6,6.698389821358492e-06,0,19858.033,37285442.7608,228758516.9272,0.056374479576909886
2026-07-15T00:44:39+00:00,SOLUSDT,77.46,1.4277811042796283e-05,0,226871.11,17573436.1806,35278798.360199995,0.033213285314125596
2026-07-15T00:44:39+00:00,XRPUSDT,1.10636,1.3509665179206588e-05,0,9509680.0,10521129.5648,10347397.854,0.03914791298793996
2026-07-15T00:44:39+00:00,AAPL,314.86,0.0,0,0.0,0.0,11438536975.32,-0.007721155967350457
2026-07-15T00:44:39+00:00,SPY,751.83,0.0,0,0.0,0.0,26415762073.38,0.003550595992898975
2026-07-15T00:44:39+00:00,NASDAQ,26107.008,0.0,0,0.0,0.0,161480825290752.0,0.009037622594149308
2026-07-15T00:44:39+00:00,RELIANCE,1293.0,0.0,0,0.0,0.0,17469135978.0,-0.0030071709461023666
2026-07-15T00:44:39+00:00,NIFTY,24052.05,0.0,0,0.0,0.0,0.0,-0.00656519763743757
2026-07-15T00:44:39+00:00,SENSEX,77054.94,0.0,0,0.0,0.0,0.0,-0.007233780489690256
2026-07-15T00:44:39+00:00,GOLD,4062.9,0.0,0,0.0,0.0,18128659.8,-0.0016708848318056635
2026-07-15T00:54:43+00:00,BTCUSDT,64795.0,1.0884664277285105e-05,0,2005.2538,129930419.971,392795518.96500003,0.03903080450922847
2026-07-15T00:54:43+00:00,ETHUSDT,1880.4,6.688415618263509e-06,0,19543.907,36750362.7228,229716948.6696,0.055455770094297474
2026-07-15T00:54:43+00:00,SOLUSDT,77.6,1.4252052105347938e-05,0,226887.47,17606467.672,35398431.936,0.031366294524189264
2026-07-15T00:54:43+00:00,XRPUSDT,1.10726,1.34986842906517e-05,0,9522049.0,10543383.975739999,10425863.82838,0.03756664823786271
2026-07-15T00:54:43+00:00,AAPL,314.86,0.0,0,0.0,0.0,11438536975.32,-0.007721155967350457
2026-07-15T00:54:43+00:00,SPY,751.83,0.0,0,0.0,0.0,26415762073.38,0.003550595992898975
2026-07-15T00:54:43+00:00,NASDAQ,26107.008,0.0,0,0.0,0.0,161480825290752.0,0.009037622594149308
2026-07-15T00:54:43+00:00,RELIANCE,1293.0,0.0,0,0.0,0.0,17469135978.0,-0.0030071709461023666
2026-07-15T00:54:43+00:00,NIFTY,24052.05,0.0,0,0.0,0.0,0.0,-0.00656519763743757
2026-07-15T00:54:43+00:00,SENSEX,77054.94,0.0,0,0.0,0.0,0.0,-0.007233780489690256
2026-07-15T00:54:43+00:00,EURUSD,1.1436,0.0,0,0.0,0.0,0.0,0.0009628008752733397
2026-07-15T00:54:43+00:00,GOLD,4060.6,0.0,0,0.0,0.0,19555849.599999998,-0.002236037054328288
2026-07-15T01:04:46+00:00,BTCUSDT,64704.0,6.498233769907011e-06,0,2003.68,129646110.72,378151955.3664,0.03649120558741559
2026-07-15T01:04:46+00:00,ETHUSDT,1875.3,5.686877937729963e-06,0,19567.268,36694497.6804,228943463.2191,0.051943680933415504
2026-07-15T01:04:46+00:00,SOLUSDT,77.55,6.181274553513527e-06,0,226622.19,17574550.8345,35137480.026,0.029470330545599444
2026-07-15T01:04:46+00:00,XRPUSDT,1.10661,1.5763893788725023e-05,0,9521508.0,10536595.967880001,10397330.205990002,0.03714221447449817
2026-07-15T01:04:46+00:00,AAPL,314.86,0.0,0,0.0,0.0,11438536975.32,-0.007721155967350457
2026-07-15T01:04:46+00:00,SPY,751.83,0.0,0,0.0,0.0,26415762073.38,0.003550595992898975
2026-07-15T01:04:46+00:00,NASDAQ,26107.008,0.0,0,0.0,0.0,161480825290752.0,0.009037622594149308
2026-07-15T01:04:46+00:00,RELIANCE,1293.0,0.0,0,0.0,0.0,17469135978.0,-0.0030071709461023666
2026-07-15T01:04:46+00:00,NIFTY,24052.05,0.0,0,0.0,0.0,0.0,-0.00656519763743757
2026-07-15T01:04:46+00:00,SENSEX,77054.94,0.0,0,0.0,0.0,0.0,-0.007233780489690256
2026-07-15T01:04:46+00:00,EURUSD,1.1435,0.0,0,0.0,0.0,0.0,0.0008752735229757835
2026-07-15T01:04:46+00:00,GOLD,4063.8,0.0,0,0.0,0.0,20485615.8,-0.0014497383099491001
2026-07-15T01:25:11+00:00,BTCUSDT,64747.0,6.493918140578919e-06,0,2008.8611,130067729.6417,378905413.6734,0.035008072637754406
2026-07-15T01:25:11+00:00,ETHUSDT,1875.7,5.685665189862451e-06,0,19493.186,36563368.9802,228303520.88090003,0.04717507815989275
2026-07-15T01:25:11+00:00,SOLUSDT,77.6,6.177291773517706e-06,0,226384.64,17567448.064,35071196.616,0.02835939570633439
2026-07-15T01:25:11+00:00,XRPUSDT,1.10703,1.5757913069691878e-05,0,9524007.0,10543361.469209999,10350386.21367,0.034694507014608744
2026-07-15T01:25:11+00:00,AAPL,314.86,0.0,0,0.0,0.0,11438536975.32,-0.007721155967350457
2026-07-15T01:25:11+00:00,SPY,751.83,0.0,0,0.0,0.0,26415762073.38,0.003550595992898975
2026-07-15T01:25:11+00:00,NASDAQ,26107.008,0.0,0,0.0,0.0,161480825290752.0,0.009037622594149308
2026-07-15T01:25:11+00:00,RELIANCE,1293.0,0.0,0,0.0,0.0,17469135978.0,-0.0030071709461023666
2026-07-15T01:25:11+00:00,NIFTY,24052.05,0.0,0,0.0,0.0,0.0,-0.00656519763743757
2026-07-15T01:25:11+00:00,SENSEX,77054.94,0.0,0,0.0,0.0,0.0,-0.007233780489690256
2026-07-15T01:25:11+00:00,EURUSD,1.1439,0.0,0,0.0,0.0,0.0,0.0012253829321662302
2026-07-15T01:25:11+00:00,GOLD,4061.8,0.0,0,0.0,0.0,25284705.0,-0.0019411750251860926
2026-07-15T01:35:15+00:00,BTCUSDT,64728.0,6.495824339514016e-06,0,2008.6954,130018835.8512,378663415.10639995,0.035896615187644976
2026-07-15T01:35:15+00:00,ETHUSDT,1876.1,5.6844529591306435e-06,0,19502.604,36588835.3644,227525603.424,0.05133090501541049
2026-07-15T01:35:15+00:00,SOLUSDT,77.67,6.17172449626592e-06,0,226476.34,17590417.327800002,35068360.7286,0.03229665071770338
2026-07-15T01:35:15+00:00,XRPUSDT,1.10688,1.5760048519750106e-05,0,9522993.0,10540810.491840001,10326186.459840002,0.037832972349582494
2026-07-15T01:35:15+00:00,AAPL,314.86,0.0,0,0.0,0.0,11438536975.32,-0.007721155967350457
2026-07-15T01:35:15+00:00,SPY,751.83,0.0,0,0.0,0.0,26415762073.38,0.003550595992898975
2026-07-15T01:35:15+00:00,NASDAQ,26107.008,0.0,0,0.0,0.0,161480825290752.0,0.009037622594149308
2026-07-15T01:35:15+00:00,RELIANCE,1293.0,0.0,0,0.0,0.0,17469135978.0,-0.0030071709461023666
2026-07-15T01:35:15+00:00,NIFTY,24052.05,0.0,0,0.0,0.0,0.0,-0.00656519763743757
2026-07-15T01:35:15+00:00,SENSEX,77054.94,0.0,0,0.0,0.0,0.0,-0.007233780489690256
2026-07-15T01:35:15+00:00,EURUSD,1.1439,0.0,0,0.0,0.0,0.0,0.0012253829321662302
2026-07-15T01:35:15+00:00,GOLD,4060.6,0.0,0,0.0,0.0,26759354.0,-0.002236037054328288
2026-07-15T01:45:19+00:00,BTCUSDT,64654.0,6.503259161816179e-06,0,2002.8368,129491410.4672,378594912.70500004,0.03549120727761945
2026-07-15T01:45:19+00:00,ETHUSDT,1868.7,5.706963234668486e-06,0,19872.456,37135658.5272,228398598.4872,0.04794751009421261
2026-07-15T01:45:19+00:00,SOLUSDT,77.49,6.186060673957595e-06,0,226391.26,17543058.7374,35039375.506799996,0.030178144110608818
2026-07-15T01:45:19+00:00,XRPUSDT,1.10452,1.579372261755423e-05,0,9526283.0,10521970.099159999,10312370.861359999,0.03662130455185375
2026-07-15T01:45:19+00:00,AAPL,314.86,0.0,0,0.0,0.0,11438536975.32,-0.007721155967350457
2026-07-15T01:45:19+00:00,SPY,751.83,0.0,0,0.0,0.0,26415762073.38,0.003550595992898975
2026-07-15T01:45:19+00:00,NASDAQ,26107.008,0.0,0,0.0,0.0,161480825290752.0,0.009037622594149308
2026-07-15T01:45:19+00:00,RELIANCE,1293.0,0.0,0,0.0,0.0,17469135978.0,-0.0030071709461023666
2026-07-15T01:45:19+00:00,NIFTY,24052.05,0.0,0,0.0,0.0,0.0,-0.00656519763743757
2026-07-15T01:45:19+00:00,SENSEX,77054.94,0.0,0,0.0,0.0,0.0,-0.007233780489690256
2026-07-15T01:45:19+00:00,EURUSD,1.1438,0.0,0,0.0,0.0,0.0,0.001137855579868674
2026-07-15T01:45:19+00:00,GOLD,4055.3,0.0,0,0.0,0.0,29141385.8,-0.003538344349706235
2026-07-15T01:55:23+00:00,BTCUSDT,64622.0,6.506479493795662e-06,0,2003.671,129481227.362,378819340.22220004,0.03479639385738764
2026-07-15T01:55:23+00:00,ETHUSDT,1868.9,5.706352505016319e-06,0,19827.985,37056521.1665,228934241.48650002,0.04817722938867086
2026-07-15T01:55:23+00:00,SOLUSDT,77.35,6.197257163865211e-06,0,227276.47,17579834.954499997,35232929.640999995,0.027906976744185963
2026-07-15T01:55:23+00:00,XRPUSDT,1.10259,1.5821368328699697e-05,0,9525410.0,10502621.8119,10323740.91807,0.036132463773563606
2026-07-15T01:55:23+00:00,AAPL,314.86,0.0,0,0.0,0.0,11438536975.32,-0.007721155967350457
2026-07-15T01:55:23+00:00,SPY,751.83,0.0,0,0.0,0.0,26415762073.38,0.003550595992898975
2026-07-15T01:55:23+00:00,NASDAQ,26107.008,0.0,0,0.0,0.0,161480825290752.0,0.009037622594149308
2026-07-15T01:55:23+00:00,RELIANCE,1293.0,0.0,0,0.0,0.0,17469135978.0,-0.0030071709461023666
2026-07-15T01:55:23+00:00,NIFTY,24052.05,0.0,0,0.0,0.0,0.0,-0.00656519763743757
2026-07-15T01:55:23+00:00,SENSEX,77054.94,0.0,0,0.0,0.0,0.0,-0.007233780489690256
2026-07-15T01:55:23+00:00,EURUSD,1.1436,0.0,0,0.0,0.0,0.0,0.0009628008752733397
2026-07-15T01:55:23+00:00,GOLD,4045.8,0.0,0,0.0,0.0,33446628.6,-0.005872668747082033
2026-07-15T02:05:27+00:00,BTCUSDT,64647.0,6.45227765282065e-06,0,2004.1193,129560300.38710001,378772578.3006,0.03501440922190202
2026-07-15T02:05:27+00:00,ETHUSDT,1868.6,1.1169129234631656e-05,0,19811.259,37019318.56739999,228917948.0152,0.04753896176701411
2026-07-15T02:05:27+00:00,SOLUSDT,77.35,6.448890160526077e-06,0,227165.79,17571273.8565,35221014.647,0.028453663076718483
2026-07-15T02:05:27+00:00,XRPUSDT,1.10275,8.596753688506008e-06,0,9519000.0,10497077.249999998,10322789.817999998,0.035368235249934044
2026-07-15T02:05:27+00:00,AAPL,314.86,0.0,0,0.0,0.0,11438536975.32,-0.007721155967350457
2026-07-15T02:05:27+00:00,SPY,751.83,0.0,0,0.0,0.0,26415762073.38,0.003550595992898975
2026-07-15T02:05:27+00:00,NASDAQ,26107.008,0.0,0,0.0,0.0,161480825290752.0,0.009037622594149308
2026-07-15T02:05:27+00:00,RELIANCE,1293.0,0.0,0,0.0,0.0,17469135978.0,-0.0030071709461023666
2026-07-15T02:05:27+00:00,NIFTY,24052.05,0.0,0,0.0,0.0,0.0,-0.00656519763743757
2026-07-15T02:05:27+00:00,SENSEX,77054.94,0.0,0,0.0,0.0,0.0,-0.007233780489690256
2026-07-15T02:05:27+00:00,EURUSD,1.144,0.0,0,0.0,0.0,0.0,0.0013129102844637863
2026-07-15T02:05:27+00:00,GOLD,4045.2,0.0,0,0.0,0.0,35638212.0,-0.006020099761653186
2026-07-15T02:15:30+00:00,BTCUSDT,64662.0,6.450780882464145e-06,0,2004.3912,129607943.7744,378839087.39040005,0.03586818960959892
2026-07-15T02:15:30+00:00,ETHUSDT,1869.7,1.116255810441927e-05,0,19808.536,37036019.7592,229497781.12660003,0.04944993264481368
2026-07-15T02:15:30+00:00,SOLUSDT,77.35,6.448890160526077e-06,0,227149.73,17570031.6155,35213759.21699999,0.030234416622269444
2026-07-15T02:15:30+00:00,XRPUSDT,1.10221,8.600965451229803e-06,0,9519671.0,10492676.57291,10325707.188849999,0.03476407743292209
2026-07-15T02:15:30+00:00,AAPL,314.86,0.0,0,0.0,0.0,11438536975.32,-0.007721155967350457
2026-07-15T02:15:30+00:00,SPY,751.83,0.0,0,0.0,0.0,26415762073.38,0.003550595992898975
2026-07-15T02:15:30+00:00,NASDAQ,26107.008,0.0,0,0.0,0.0,161480825290752.0,0.009037622594149308
2026-07-15T02:15:30+00:00,RELIANCE,1293.0,0.0,0,0.0,0.0,17469135978.0,-0.0030071709461023666
2026-07-15T02:15:30+00:00,NIFTY,24052.05,0.0,0,0.0,0.0,0.0,-0.00656519763743757
2026-07-15T02:15:30+00:00,SENSEX,77054.94,0.0,0,0.0,0.0,0.0,-0.007233780489690256
2026-07-15T02:15:30+00:00,EURUSD,1.1439,0.0,0,0.0,0.0,0.0,0.0012253829321662302
2026-07-15T02:15:30+00:00,GOLD,4045.8,0.0,0,0.0,0.0,38653573.2,-0.005872668747082033
2026-07-15T02:25:34+00:00,BTCUSDT,64539.0,6.463074937973885e-06,0,2006.2839,129483556.6221,378312490.0584,0.035673021374927893
2026-07-15T02:25:34+00:00,ETHUSDT,1866.3,1.1182893901212404e-05,0,19797.476,36948029.458799995,227989505.41529998,0.050371454299865004
2026-07-15T02:25:34+00:00,SOLUSDT,77.15,6.46560795744254e-06,0,226705.01,17490291.521500003,35120753.792,0.02921558164354332
2026-07-15T02:25:34+00:00,XRPUSDT,1.09954,8.621851074085527e-06,0,9521940.0,10469753.9076,10302042.17094,0.034131201504820075
2026-07-15T02:25:34+00:00,AAPL,314.86,0.0,0,0.0,0.0,11438536975.32,-0.007721155967350457
2026-07-15T02:25:34+00:00,SPY,751.83,0.0,0,0.0,0.0,26415762073.38,0.003550595992898975
2026-07-15T02:25:34+00:00,NASDAQ,26107.008,0.0,0,0.0,0.0,161480825290752.0,0.009037622594149308
2026-07-15T02:25:34+00:00,RELIANCE,1293.0,0.0,0,0.0,0.0,17469135978.0,-0.0030071709461023666
2026-07-15T02:25:34+00:00,NIFTY,24052.05,0.0,0,0.0,0.0,0.0,-0.00656519763743757
2026-07-15T02:25:34+00:00,SENSEX,77054.94,0.0,0,0.0,0.0,0.0,-0.007233780489690256
2026-07-15T02:25:34+00:00,EURUSD,1.1438,0.0,0,0.0,0.0,0.0,0.001137855579868674
2026-07-15T02:25:34+00:00,GOLD,4042.6,0.0,0,0.0,0.0,41056645.6,-0.006658967491461221
2026-07-15T02:35:38+00:00,BTCUSDT,64454.0,6.471598247151403e-06,0,2007.0681,129363567.3174,379712287.8198,0.03362894302163344
2026-07-15T02:35:38+00:00,ETHUSDT,1864.8,1.119188915048944e-05,0,19805.297,36932917.845599994,227882664.4248,0.04970447509147191
2026-07-15T02:35:38+00:00,SOLUSDT,77.01,6.477362081764602e-06,0,227226.46,17498709.6846,35125634.8584,0.028582876986777084
2026-07-15T02:35:38+00:00,XRPUSDT,1.09875,8.62805017519909e-06,0,9526602.0,10467353.9475,10280396.14125,0.034614261904537535
2026-07-15T02:35:38+00:00,AAPL,314.86,0.0,0,0.0,0.0,11438536975.32,-0.007721155967350457
2026-07-15T02:35:38+00:00,SPY,751.83,0.0,0,0.0,0.0,26415762073.38,0.003550595992898975
2026-07-15T02:35:38+00:00,NASDAQ,26107.008,0.0,0,0.0,0.0,161480825290752.0,0.009037622594149308
2026-07-15T02:35:38+00:00,RELIANCE,1293.0,0.0,0,0.0,0.0,17469135978.0,-0.0030071709461023666
2026-07-15T02:35:38+00:00,NIFTY,24052.05,0.0,0,0.0,0.0,0.0,-0.00656519763743757
2026-07-15T02:35:38+00:00,SENSEX,77054.94,0.0,0,0.0,0.0,0.0,-0.007233780489690256
2026-07-15T02:35:38+00:00,EURUSD,1.1439,0.0,0,0.0,0.0,0.0,0.0012253829321662302
2026-07-15T02:35:38+00:00,GOLD,4037.5,0.0,0,0.0,0.0,45014087.5,-0.007912131115315635
2026-07-15T02:45:42+00:00,BTCUSDT,64513.0,6.465679683504046e-06,0,2006.8483,129467804.3779,379993324.2686,0.03172927761518651
2026-07-15T02:45:42+00:00,ETHUSDT,1865.5,1.1187689567318525e-05,0,19787.42,36913432.01,227999389.6635,0.04615298340062801
2026-07-15T02:45:42+00:00,SOLUSDT,77.2,6.461420387521917e-06,0,227097.34,17531914.648000002,35261391.044,0.02700545430357848
2026-07-15T02:45:42+00:00,XRPUSDT,1.10019,8.616757223752262e-06,0,9527340.0,10481884.1946,10283824.69023,0.03181183002429022
2026-07-15T02:45:42+00:00,AAPL,314.86,0.0,0,0.0,0.0,11438536975.32,-0.007721155967350457
2026-07-15T02:45:42+00:00,SPY,751.83,0.0,0,0.0,0.0,26415762073.38,0.003550595992898975
2026-07-15T02:45:42+00:00,NASDAQ,26107.008,0.0,0,0.0,0.0,161480825290752.0,0.009037622594149308
2026-07-15T02:45:42+00:00,RELIANCE,1293.0,0.0,0,0.0,0.0,17469135978.0,-0.0030071709461023666
2026-07-15T02:45:42+00:00,NIFTY,24052.05,0.0,0,0.0,0.0,0.0,-0.00656519763743757
2026-07-15T02:45:42+00:00,SENSEX,77054.94,0.0,0,0.0,0.0,0.0,-0.007233780489690256
2026-07-15T02:45:42+00:00,EURUSD,1.1444,0.0,0,0.0,0.0,0.0,0.001663019693654233
2026-07-15T02:45:42+00:00,GOLD,4042.9,0.0,0,0.0,0.0,46913811.6,-0.0065852519841757
2026-07-15T02:55:46+00:00,BTCUSDT,64458.0,6.471196646217638e-06,0,2006.8577,129358033.6266,379648673.2296,0.03170766842197925
2026-07-15T02:55:46+00:00,ETHUSDT,1864.9,1.119128901701577e-05,0,19879.569,37073408.2281,228221130.25090003,0.0471083660864684
2026-07-15T02:55:46+00:00,SOLUSDT,77.21,6.460583524371093e-06,0,225346.65,17399014.846499998,35479570.084,0.02905504464880715
2026-07-15T02:55:46+00:00,XRPUSDT,1.09877,8.627893125949925e-06,0,9532116.0,10473603.09732,10308643.65845,0.03185425177254997
2026-07-15T02:55:46+00:00,AAPL,314.86,0.0,0,0.0,0.0,11438536975.32,-0.007721155967350457
2026-07-15T02:55:46+00:00,SPY,751.83,0.0,0,0.0,0.0,26415762073.38,0.003550595992898975
2026-07-15T02:55:46+00:00,NASDAQ,26107.008,0.0,0,0.0,0.0,161480825290752.0,0.009037622594149308
2026-07-15T02:55:46+00:00,RELIANCE,1293.0,0.0,0,0.0,0.0,17469135978.0,-0.0030071709461023666
2026-07-15T02:55:46+00:00,NIFTY,24052.05,0.0,0,0.0,0.0,0.0,-0.00656519763743757
2026-07-15T02:55:46+00:00,SENSEX,77054.94,0.0,0,0.0,0.0,0.0,-0.007233780489690256
2026-07-15T02:55:46+00:00,EURUSD,1.1444,0.0,0,0.0,0.0,0.0,0.001663019693654233
2026-07-15T02:55:46+00:00,GOLD,4047.5,0.0,0,0.0,0.0,48404052.5,-0.005454947539130561
2026-07-15T03:05:50+00:00,BTCUSDT,64513.0,5.6173580516446295e-06,0,2003.561,129255730.793,380182553.8002,0.032703697774931983
2026-07-15T03:05:50+00:00,ETHUSDT,1866.6,1.1810663206230582e-05,0,19870.672,37090596.35519999,228488615.13419998,0.04871060171919761
2026-07-15T03:05:50+00:00,SOLUSDT,77.28,-7.011697408773291e-06,0,225461.16,17423638.4448,35506936.6512,0.03108739159439633
2026-07-15T03:05:50+00:00,XRPUSDT,1.09981,2.6397242432783844e-07,0,9529036.0,10480129.08316,10324211.21908,0.032501243909537125
2026-07-15T03:05:50+00:00,AAPL,314.86,0.0,0,0.0,0.0,11438536975.32,-0.007721155967350457
2026-07-15T03:05:50+00:00,SPY,751.83,0.0,0,0.0,0.0,26415762073.38,0.003550595992898975
2026-07-15T03:05:50+00:00,NASDAQ,26107.008,0.0,0,0.0,0.0,161480825290752.0,0.009037622594149308
2026-07-15T03:05:50+00:00,RELIANCE,1293.0,0.0,0,0.0,0.0,17469135978.0,-0.0030071709461023666
2026-07-15T03:05:50+00:00,NIFTY,24052.05,0.0,0,0.0,0.0,0.0,-0.00656519763743757
2026-07-15T03:05:50+00:00,SENSEX,77054.94,0.0,0,0.0,0.0,0.0,-0.007233780489690256
2026-07-15T03:05:50+00:00,EURUSD,1.1446,0.0,0,0.0,0.0,0.0,0.0018380743982493453
2026-07-15T03:05:50+00:00,GOLD,4043.6,0.0,0,0.0,0.0,50249817.199999996,-0.00641324913384278
2026-07-15T03:15:54+00:00,BTCUSDT,64584.0,5.611182645635916e-06,0,2003.0093,129362352.6312,380743359.7968,0.03564727954971847
2026-07-15T03:15:54+00:00,ETHUSDT,1869.1,1.1794865946578569e-05,0,19789.255,36988096.5205,229004903.8753,0.05283614037064166
2026-07-15T03:15:54+00:00,SOLUSDT,77.42,-6.999018028287264e-06,0,226000.98,17496995.871600002,35596951.0904,0.036134903640256955
2026-07-15T03:15:54+00:00,XRPUSDT,1.10014,2.6389324267820464e-07,0,9531780.0,10486292.449199999,10308592.3357,0.037378595002357295
2026-07-15T03:15:54+00:00,AAPL,314.86,0.0,0,0.0,0.0,11438536975.32,-0.007721155967350457
2026-07-15T03:15:54+00:00,SPY,751.83,0.0,0,0.0,0.0,26415762073.38,0.003550595992898975
2026-07-15T03:15:54+00:00,NASDAQ,26107.008,0.0,0,0.0,0.0,161480825290752.0,0.009037622594149308
2026-07-15T03:15:54+00:00,RELIANCE,1293.0,0.0,0,0.0,0.0,17469135978.0,-0.0030071709461023666
2026-07-15T03:15:54+00:00,NIFTY,24052.05,0.0,0,0.0,0.0,0.0,-0.00656519763743757
2026-07-15T03:15:54+00:00,SENSEX,77054.94,0.0,0,0.0,0.0,0.0,-0.007233780489690256
2026-07-15T03:15:54+00:00,EURUSD,1.144,0.0,0,0.0,0.0,0.0,0.0013129102844637863
2026-07-15T03:15:54+00:00,GOLD,4045.0,0.0,0,0.0,0.0,52042970.0,-0.00606924343317683
2026-07-15T03:25:58+00:00,BTCUSDT,64556.0,5.61361639484711e-06,0,2008.5734,129665464.4104,380817251.3208,0.035862710803741926
2026-07-15T03:25:58+00:00,ETHUSDT,1867.5,1.180497132034806e-05,0,19783.335,36945378.1125,228423305.45250002,0.051934884244916324
2026-07-15T03:25:58+00:00,SOLUSDT,77.43,-6.998114112746996e-06,0,226047.42,17502851.730600003,35513689.944900006,0.03793565683646127
2026-07-15T03:25:58+00:00,XRPUSDT,1.10029,2.6385726672059186e-07,0,9530981.0,10486843.08449,10284218.07925,0.037079975493661266
2026-07-15T03:25:58+00:00,AAPL,314.86,0.0,0,0.0,0.0,11438536975.32,-0.007721155967350457
2026-07-15T03:25:58+00:00,SPY,751.83,0.0,0,0.0,0.0,26415762073.38,0.003550595992898975
2026-07-15T03:25:58+00:00,NASDAQ,26107.008,0.0,0,0.0,0.0,161480825290752.0,0.009037622594149308
2026-07-15T03:25:58+00:00,RELIANCE,1293.0,0.0,0,0.0,0.0,17469135978.0,-0.0030071709461023666
2026-07-15T03:25:58+00:00,NIFTY,24052.05,0.0,0,0.0,0.0,0.0,-0.00656519763743757
2026-07-15T03:25:58+00:00,SENSEX,77054.94,0.0,0,0.0,0.0,0.0,-0.007233780489690256
2026-07-15T03:25:58+00:00,EURUSD,1.1438,0.0,0,0.0,0.0,0.0,0.001137855579868674
2026-07-15T03:25:58+00:00,GOLD,4040.9,0.0,0,0.0,0.0,53125712.300000004,-0.007076688699412692
2026-07-15T03:36:02+00:00,BTCUSDT,64683.0,5.602594499107184e-06,0,2020.2475,130675669.04249999,385932975.90209997,0.0366696049362929
2026-07-15T03:36:02+00:00,ETHUSDT,1872.0,1.1776593985443377e-05,0,19740.069,36953409.168,228993496.99199998,0.052986837664529274
2026-07-15T03:36:02+00:00,SOLUSDT,77.68,-6.97559186083934e-06,0,226141.29,17566655.4072,35661207.0048,0.0382250735097569
2026-07-15T03:36:02+00:00,XRPUSDT,1.10215,2.634119784058431e-07,0,9537483.0,10511736.88845,10318274.29465,0.03711266479095898
2026-07-15T03:36:02+00:00,AAPL,314.86,0.0,0,0.0,0.0,11438536975.32,-0.007721155967350457
2026-07-15T03:36:02+00:00,SPY,751.83,0.0,0,0.0,0.0,26415762073.38,0.003550595992898975
2026-07-15T03:36:02+00:00,NASDAQ,26107.008,0.0,0,0.0,0.0,161480825290752.0,0.009037622594149308
2026-07-15T03:36:02+00:00,RELIANCE,1293.0,0.0,0,0.0,0.0,17469135978.0,-0.0030071709461023666
2026-07-15T03:36:02+00:00,NIFTY,24052.05,0.0,0,0.0,0.0,0.0,-0.00656519763743757
2026-07-15T03:36:02+00:00,SENSEX,77054.94,0.0,0,0.0,0.0,0.0,-0.007233780489690256
2026-07-15T03:36:02+00:00,EURUSD,1.144,0.0,0,0.0,0.0,0.0,0.0013129102844637863
2026-07-15T03:36:02+00:00,GOLD,4038.2,0.0,0,0.0,0.0,55286996.199999996,-0.007740128264982715
2026-07-15T03:46:06+00:00,BTCUSDT,64629.0,5.607275680975259e-06,0,2004.6639,129559423.1931,389867818.0275,0.03537271110683915
2026-07-15T03:46:06+00:00,ETHUSDT,1870.7,1.178477785895654e-05,0,19686.224,36827019.2368,229260699.63030002,0.05083698460847086
2026-07-15T03:46:06+00:00,SOLUSDT,77.61,-6.981883465403942e-06,0,226128.26,17549814.2586,35605900.278,0.03535218783351124
2026-07-15T03:46:06+00:00,XRPUSDT,1.1018,2.6349565438373574e-07,0,9536872.0,10507725.5696,10308524.536799999,0.03503992484734608
2026-07-15T03:46:06+00:00,AAPL,314.86,0.0,0,0.0,0.0,11438536975.32,-0.007721155967350457
2026-07-15T03:46:06+00:00,SPY,751.83,0.0,0,0.0,0.0,26415762073.38,0.003550595992898975
2026-07-15T03:46:06+00:00,NASDAQ,26107.008,0.0,0,0.0,0.0,161480825290752.0,0.009037622594149308
2026-07-15T03:46:06+00:00,RELIANCE,1296.8,0.0,0,0.0,0.0,291424676.8,0.0029389017788088445
2026-07-15T03:46:06+00:00,NIFTY,24106.4,0.0,0,0.0,0.0,0.0,0.002259682646593708
2026-07-15T03:46:06+00:00,SENSEX,77054.94,0.0,0,0.0,0.0,0.0,-0.007233780489690256
2026-07-15T03:46:06+00:00,EURUSD,1.1438,0.0,0,0.0,0.0,0.0,0.001137855579868674
2026-07-15T03:46:06+00:00,GOLD,4040.4,0.0,0,0.0,0.0,58803981.6,-0.007199547878221968
2026-07-15T03:56:10+00:00,BTCUSDT,64760.0,5.595932983102996e-06,0,1999.9318,129515583.368,395282962.26,0.0365414472525889
2026-07-15T03:56:10+00:00,ETHUSDT,1877.4,1.1742720752503462e-05,0,19500.872,36610937.0928,232018148.5776,0.05412689500280754
2026-07-15T03:56:10+00:00,SOLUSDT,77.74,-6.970208074993568e-06,0,226041.23,17572445.2202,35689611.5108,0.03584277148567616
2026-07-15T03:56:10+00:00,XRPUSDT,1.1039,2.629943944197844e-07,0,9520247.0,10509400.6633,10392100.249300001,0.03700294031995943
2026-07-15T03:56:10+00:00,AAPL,314.86,0.0,0,0.0,0.0,11438536975.32,-0.007721155967350457
2026-07-15T03:56:10+00:00,SPY,751.83,0.0,0,0.0,0.0,26415762073.38,0.003550595992898975
2026-07-15T03:56:10+00:00,NASDAQ,26107.008,0.0,0,0.0,0.0,161480825290752.0,0.009037622594149308
2026-07-15T03:56:10+00:00,RELIANCE,1307.5,0.0,0,0.0,0.0,1114879100.0,0.011214230471771058
2026-07-15T03:56:10+00:00,NIFTY,24201.65,0.0,0,0.0,0.0,0.0,0.00621984404655751
2026-07-15T03:56:10+00:00,SENSEX,77192.76,0.0,0,0.0,0.0,0.0,0.0017885939564679099
2026-07-15T03:56:10+00:00,EURUSD,1.144,0.0,0,0.0,0.0,0.0,0.0013129102844637863
2026-07-15T03:56:10+00:00,GOLD,4036.4,0.0,0,0.0,0.0,62063686.4,-0.008182421308695953
2026-07-15T04:06:14+00:00,BTCUSDT,64767.0,8.617692137733133e-06,0,2020.3842,130854223.4814,396952895.0625,0.035774828082520305
2026-07-15T04:06:14+00:00,ETHUSDT,1876.2,2.000225813279501e-05,0,19480.811,36549897.5982,231754012.07700002,0.05162266689086947
2026-07-15T04:06:14+00:00,SOLUSDT,77.73,8.053818878382773e-06,0,225930.0,17561538.900000002,35598602.734500006,0.033918595371109195
2026-07-15T04:06:14+00:00,XRPUSDT,1.10379,-1.070850706520262e-05,0,9518284.0,10506186.696360001,10407462.61497,0.03608203876660254
2026-07-15T04:06:14+00:00,AAPL,314.86,0.0,0,0.0,0.0,11438536975.32,-0.007721155967350457
2026-07-15T04:06:14+00:00,SPY,751.83,0.0,0,0.0,0.0,26415762073.38,0.003550595992898975
2026-07-15T04:06:14+00:00,NASDAQ,26107.008,0.0,0,0.0,0.0,161480825290752.0,0.009037622594149308
2026-07-15T04:06:14+00:00,RELIANCE,1304.0,0.0,0,0.0,0.0,1711235288.0,0.008507347254447017
2026-07-15T04:06:14+00:00,NIFTY,24201.35,0.0,0,0.0,0.0,0.0,0.006207371097266101
2026-07-15T04:06:14+00:00,SENSEX,77421.01,0.0,0,0.0,0.0,0.0,0.004750766141664586
2026-07-15T04:06:14+00:00,EURUSD,1.1442,0.0,0,0.0,0.0,0.0,0.0014879649890591207
2026-07-15T04:06:14+00:00,GOLD,4037.7,0.0,0,0.0,0.0,62866989.0,-0.00786298744379188
2026-07-15T04:16:18+00:00,BTCUSDT,64783.0,8.6155637541417e-06,0,2018.4462,130761000.1746,397924265.29399997,0.036329024827233214
2026-07-15T04:16:18+00:00,ETHUSDT,1876.0,2.0004390569696163e-05,0,19472.847,36531060.972,231938699.076,0.05257251865566959
2026-07-15T04:16:18+00:00,SOLUSDT,77.64,8.063154835351531e-06,0,225742.11,17526617.420399997,35568727.95,0.03451032644903407
2026-07-15T04:16:18+00:00,XRPUSDT,1.10553,-1.0691652884589294e-05,0,9520120.0,10524778.2636,10403424.235499999,0.039559550899892715
2026-07-15T04:16:18+00:00,AAPL,314.86,0.0,0,0.0,0.0,11438536975.32,-0.007721155967350457
2026-07-15T04:16:18+00:00,SPY,751.83,0.0,0,0.0,0.0,26415762073.38,0.003550595992898975
2026-07-15T04:16:18+00:00,NASDAQ,26107.008,0.0,0,0.0,0.0,161480825290752.0,0.009037622594149308
2026-07-15T04:16:18+00:00,RELIANCE,1302.3,0.0,0,0.0,0.0,1934285353.2,0.007192575406032464
2026-07-15T04:16:18+00:00,NIFTY,24203.85,0.0,0,0.0,0.0,0.0,0.006311312341359621
2026-07-15T04:16:18+00:00,SENSEX,77608.83,0.0,0,0.0,0.0,0.0,0.007188247761921618
2026-07-15T04:16:18+00:00,EURUSD,1.144,0.0,0,0.0,0.0,0.0,0.0013129102844637863
2026-07-15T04:16:18+00:00,GOLD,4036.8,0.0,0,0.0,0.0,63603820.800000004,-0.008084133965648443
2026-07-15T04:26:22+00:00,BTCUSDT,64764.0,8.618091326733398e-06,0,2024.1716,131093449.5024,398621571.5916,0.0349985617029438
2026-07-15T04:26:22+00:00,ETHUSDT,1876.1,2.0003324294413946e-05,0,19453.803,36497279.808299996,231868142.6783,0.05056557285250296
2026-07-15T04:26:22+00:00,SOLUSDT,77.68,8.059002850369374e-06,0,225829.78,17542457.3104,35483430.8872,0.03394116864102248
2026-07-15T04:26:22+00:00,XRPUSDT,1.10301,-1.0716079648869911e-05,0,9520307.0,10500993.824070001,10383929.16675,0.03457299629508048
2026-07-15T04:26:22+00:00,AAPL,314.86,0.0,0,0.0,0.0,11438536975.32,-0.007721155967350457
2026-07-15T04:26:22+00:00,SPY,751.83,0.0,0,0.0,0.0,26415762073.38,0.003550595992898975
2026-07-15T04:26:22+00:00,NASDAQ,26107.008,0.0,0,0.0,0.0,161480825290752.0,0.009037622594149308
2026-07-15T04:26:22+00:00,RELIANCE,1302.6,0.0,0,0.0,0.0,2092574795.9999998,0.007424593967517268
2026-07-15T04:26:22+00:00,NIFTY,24201.1,0.0,0,0.0,0.0,0.0,0.006196976972856705
2026-07-15T04:26:22+00:00,SENSEX,77556.99,0.0,0,0.0,0.0,0.0,0.006515481032105086
2026-07-15T04:26:22+00:00,EURUSD,1.1442,0.0,0,0.0,0.0,0.0,0.0014879649890591207
2026-07-15T04:26:22+00:00,GOLD,4037.7,0.0,0,0.0,0.0,64364975.699999996,-0.00786298744379188
2026-07-15T04:36:26+00:00,BTCUSDT,64757.0,8.61902291157036e-06,0,2023.0976,131009731.28320001,400149575.6874,0.03298824355150032
2026-07-15T04:36:26+00:00,ETHUSDT,1875.1,2.0013992165084533e-05,0,19365.819,36312847.2069,231791759.6929,0.04924178837222315
2026-07-15T04:36:26+00:00,SOLUSDT,77.77,8.049676500150353e-06,0,225836.85,17563331.8245,35119503.3651,0.03390055836213768
2026-07-15T04:36:26+00:00,XRPUSDT,1.10282,-1.0717925875029471e-05,0,9556323.0,10538904.130859999,10470862.3425,0.03371608004874149
2026-07-15T04:36:26+00:00,AAPL,314.86,0.0,0,0.0,0.0,11438536975.32,-0.007721155967350457
2026-07-15T04:36:26+00:00,SPY,751.83,0.0,0,0.0,0.0,26415762073.38,0.003550595992898975
2026-07-15T04:36:26+00:00,NASDAQ,26107.008,0.0,0,0.0,0.0,161480825290752.0,0.009037622594149308
2026-07-15T04:36:26+00:00,RELIANCE,1302.0,0.0,0,0.0,0.0,2314043298.0,0.006960556844547661
2026-07-15T04:36:26+00:00,NIFTY,24187.45,0.0,0,0.0,0.0,0.0,0.005629457780106151
2026-07-15T04:36:26+00:00,SENSEX,77562.84,0.0,0,0.0,0.0,0.0,0.006591400888768417
2026-07-15T04:36:26+00:00,EURUSD,1.1443,0.0,0,0.0,0.0,0.0,0.0015754923413566768
2026-07-15T04:36:26+00:00,GOLD,4040.0,0.0,0,0.0,0.0,65080360.0,-0.0072978352212693665
2026-07-15T04:46:30+00:00,BTCUSDT,64781.0,8.615829744594276e-06,0,2026.899,131304544.11899999,399642021.844,0.03429502019702069
2026-07-15T04:46:30+00:00,ETHUSDT,1877.3,1.9990537851568743e-05,0,19364.851,36353634.782299995,231742678.991,0.05265223729954016
2026-07-15T04:46:30+00:00,SOLUSDT,77.91,8.035211672656821e-06,0,225903.89,17600172.0699,35092893.7842,0.03796962430055939
2026-07-15T04:46:30+00:00,XRPUSDT,1.10349,-1.0711418330478754e-05,0,9557533.0,10546642.090170002,10471146.82182,0.033907992129673215
2026-07-15T04:46:30+00:00,AAPL,314.86,0.0,0,0.0,0.0,11438536975.32,-0.007721155967350457
2026-07-15T04:46:30+00:00,SPY,751.83,0.0,0,0.0,0.0,26415762073.38,0.003550595992898975
2026-07-15T04:46:30+00:00,NASDAQ,26107.008,0.0,0,0.0,0.0,161480825290752.0,0.009037622594149308
2026-07-15T04:46:30+00:00,RELIANCE,1304.0,0.0,0,0.0,0.0,2543248576.0,0.008507347254447017
2026-07-15T04:46:30+00:00,NIFTY,24202.95,0.0,0,0.0,0.0,0.0,0.00627389349348606
2026-07-15T04:46:30+00:00,SENSEX,77492.66,0.0,0,0.0,0.0,0.0,0.005680622163874327
2026-07-15T04:46:30+00:00,EURUSD,1.1442,0.0,0,0.0,0.0,0.0,0.0014879649890591207
2026-07-15T04:46:30+00:00,GOLD,4038.8,0.0,0,0.0,0.0,65993992.0,-0.007592697250411451
2026-07-15T04:56:34+00:00,BTCUSDT,64735.0,8.62195206124294e-06,0,2004.6323,129769871.9405,400832335.772,0.033626594708521695
2026-07-15T04:56:34+00:00,ETHUSDT,1874.9,2.001612710477892e-05,0,19435.561,36439733.318900004,231497350.94110003,0.05154234436343241
2026-07-15T04:56:34+00:00,SOLUSDT,78.0,8.025940274572987e-06,0,226633.74,17677431.72,35460282.78,0.039307128580946094
2026-07-15T04:56:34+00:00,XRPUSDT,1.10308,-1.0715399620607752e-05,0,9560440.0,10545930.1552,10446028.611920001,0.033310851318944845
2026-07-15T04:56:34+00:00,AAPL,314.86,0.0,0,0.0,0.0,11438536975.32,-0.007721155967350457
2026-07-15T04:56:34+00:00,SPY,751.83,0.0,0,0.0,0.0,26415762073.38,0.003550595992898975
2026-07-15T04:56:34+00:00,NASDAQ,26107.008,0.0,0,0.0,0.0,161480825290752.0,0.009037622594149308
2026-07-15T04:56:34+00:00,RELIANCE,1305.6,0.0,0,0.0,0.0,2779482700.7999997,0.009744779582366414
2026-07-15T04:56:34+00:00,NIFTY,24214.5,0.0,0,0.0,0.0,0.0,0.0067541020411980845
2026-07-15T04:56:34+00:00,SENSEX,77542.1,0.0,0,0.0,0.0,0.0,0.006322242285828894
2026-07-15T04:56:34+00:00,EURUSD,1.1442,0.0,0,0.0,0.0,0.0,0.0014879649890591207
2026-07-15T04:56:34+00:00,GOLD,4038.5,0.0,0,0.0,0.0,67895262.0,-0.007666412757697083
2026-07-15T05:06:38+00:00,BTCUSDT,64649.0,1.6204588135967224e-05,0,2004.1041,129563325.9609,406431350.8216,0.031150312619624865
2026-07-15T05:06:38+00:00,ETHUSDT,1873.4,1.8787475714053438e-05,0,19436.107,36411602.8538,230585462.56300002,0.04870129870129869
2026-07-15T05:06:38+00:00,SOLUSDT,77.93,2.3313599557294672e-05,0,226615.19,17660121.7567,35615254.5421,0.03602765222015436
2026-07-15T05:06:38+00:00,XRPUSDT,1.10217,2.796308584428899e-06,0,9568586.0,10546208.431620002,10034718.88887,0.030267622617523138
2026-07-15T05:06:38+00:00,AAPL,314.86,0.0,0,0.0,0.0,11438536975.32,-0.007721155967350457
2026-07-15T05:06:38+00:00,SPY,751.83,0.0,0,0.0,0.0,26415762073.38,0.003550595992898975
2026-07-15T05:06:38+00:00,NASDAQ,26107.008,0.0,0,0.0,0.0,161480825290752.0,0.009037622594149308
2026-07-15T05:06:38+00:00,RELIANCE,1303.8,0.0,0,0.0,0.0,2893841467.2,0.008352668213457148
2026-07-15T05:06:38+00:00,NIFTY,24201.55,0.0,0,0.0,0.0,0.0,0.006215686396793707
2026-07-15T05:06:38+00:00,SENSEX,77619.79,0.0,0,0.0,0.0,0.0,0.007330483937824095
2026-07-15T05:06:38+00:00,EURUSD,1.1439,0.0,0,0.0,0.0,0.0,0.0012253829321662302
2026-07-15T05:06:38+00:00,GOLD,4038.9,0.0,0,0.0,0.0,69347913.0,-0.007568125414649685
2026-07-15T05:16:41+00:00,BTCUSDT,64585.0,1.622064594568623e-05,0,2004.3639,129451842.4815,404107679.7745,0.02968608006632345
2026-07-15T05:16:41+00:00,ETHUSDT,1871.8,1.8803535101350416e-05,0,19433.039,36374762.4002,229730023.39560002,0.04727801712079671
2026-07-15T05:16:41+00:00,SOLUSDT,77.78,2.3358560214707816e-05,0,226369.59,17607026.7102,35259041.3724,0.03348392240233844
2026-07-15T05:16:41+00:00,XRPUSDT,1.09949,2.8031245691184093e-06,0,9573198.0,10525635.469020002,9960088.59874,0.02823342373515403
2026-07-15T05:16:41+00:00,AAPL,314.86,0.0,0,0.0,0.0,11438536975.32,-0.007721155967350457
2026-07-15T05:16:41+00:00,SPY,751.83,0.0,0,0.0,0.0,26415762073.38,0.003550595992898975
2026-07-15T05:16:41+00:00,NASDAQ,26107.008,0.0,0,0.0,0.0,161480825290752.0,0.009037622594149308
2026-07-15T05:16:41+00:00,RELIANCE,1303.5,0.0,0,0.0,0.0,3010696557.0,0.008120649651972123
2026-07-15T05:16:41+00:00,NIFTY,24204.15,0.0,0,0.0,0.0,0.0,0.0063237852906510295
2026-07-15T05:16:41+00:00,SENSEX,77578.64,0.0,0,0.0,0.0,0.0,0.006796449390525705
2026-07-15T05:16:41+00:00,EURUSD,1.144,0.0,0,0.0,0.0,0.0,0.0013129102844637863
2026-07-15T05:16:41+00:00,GOLD,4036.7,0.0,0,0.0,0.0,70460598.5,-0.008108705801410432
