ts,equity,buyhold,cash,active_positions
2026-07-11T11:15:19+00:00,10000.0,10000.0,10000.0,0
2026-07-11T11:18:30+00:00,10000.0,9994.03,10000.0,0
2026-07-11T12:11:03+00:00,10000.0,9998.69,10000.0,0
2026-07-11T13:58:37+00:00,10000.0,10007.61,10000.0,0
2026-07-11T15:08:01+00:00,10000.0,10051.28,10000.0,0
2026-07-11T16:10:39+00:00,10000.0,10021.37,10000.0,0
2026-07-11T17:26:28+00:00,10000.0,10037.46,10000.0,0
2026-07-11T18:29:09+00:00,9998.5,10062.01,9998.5,2
2026-07-11T19:47:21+00:00,9998.6,10047.11,8498.7,3
2026-07-11T20:34:55+00:00,9998.63,10059.35,8498.83,3
2026-07-11T21:32:06+00:00,9997.05,10061.35,5497.7,3
2026-07-11T22:29:52+00:00,9977.71,10018.56,5487.74,3
2026-07-11T23:33:17+00:00,9934.73,9913.78,3973.44,4
2026-07-12T01:12:32+00:00,9921.61,9892.15,3968.64,4
2026-07-12T04:43:59+00:00,9944.91,9935.8,9944.91,4
2026-07-12T07:20:35+00:00,9948.72,9899.59,6963.66,4
2026-07-12T09:28:35+00:00,9945.24,9897.53,9945.24,4
2026-07-12T10:57:48+00:00,9950.08,9911.25,5471.53,3
2026-07-12T12:05:12+00:00,9954.1,9925.95,8460.76,3
2026-07-12T13:54:30+00:00,9962.4,9950.27,11456.98,3
2026-07-12T15:04:03+00:00,9950.83,9989.92,14429.37,3
2026-07-12T16:10:03+00:00,9945.68,10001.59,14421.24,3
2026-07-12T17:20:17+00:00,9949.06,9989.58,12934.01,4
2026-07-12T18:29:30+00:00,9951.85,9978.1,12937.41,4
2026-07-12T19:44:49+00:00,9946.17,9983.92,14422.96,3
2026-07-12T20:31:46+00:00,9941.22,9994.68,14414.77,3
2026-07-12T21:31:38+00:00,9959.61,9957.04,12947.72,2
2026-07-12T22:30:03+00:00,9979.28,9891.94,8481.83,3
2026-07-12T23:32:35+00:00,9981.91,9902.3,5489.38,3
2026-07-13T01:13:03+00:00,9994.11,9949.39,6995.2,4
2026-07-13T04:50:55+00:00,9932.94,9778.15,3972.27,4
2026-07-13T05:28:17+00:00,9927.99,9771.22,5460.06,3
2026-07-13T05:38:20+00:00,9939.61,9800.05,6957.5,4
2026-07-13T05:48:23+00:00,9937.58,9786.85,5465.34,3
2026-07-13T05:58:25+00:00,9937.85,9788.79,5465.82,3
2026-07-13T06:08:28+00:00,9940.62,9794.93,5467.34,3
2026-07-13T06:18:31+00:00,9933.13,9782.67,6952.97,2
2026-07-13T06:28:34+00:00,9935.0,9788.47,6954.5,2
2026-07-13T06:38:36+00:00,9933.69,9786.59,6953.58,2
2026-07-13T06:48:39+00:00,9935.7,9795.62,8445.23,3
2026-07-13T06:58:41+00:00,9935.9,9786.35,9935.9,2
2026-07-13T07:08:44+00:00,9932.13,9788.25,12913.11,4
2026-07-13T07:18:47+00:00,9932.13,9788.25,12911.76,4
2026-07-13T07:28:50+00:00,9920.83,9826.09,12897.08,4
2026-07-13T07:38:52+00:00,9919.6,9827.5,12895.49,4
2026-07-13T07:48:55+00:00,9918.67,9818.76,12894.27,4
2026-07-13T07:58:58+00:00,9919.85,9818.1,12895.8,4
2026-07-13T08:09:00+00:00,9920.25,9812.38,15873.29,4
2026-07-13T08:19:03+00:00,9918.69,9814.93,15869.9,4
2026-07-13T08:29:06+00:00,9916.08,9819.25,15865.74,4
2026-07-13T08:39:08+00:00,9920.35,9810.97,14384.85,3
2026-07-13T08:49:11+00:00,9905.76,9837.9,12877.72,2
2026-07-13T08:59:14+00:00,9904.89,9835.43,9904.89,4
2026-07-13T09:09:16+00:00,9905.14,9830.87,12877.13,4
2026-07-13T09:19:19+00:00,9907.5,9824.35,12879.75,4
2026-07-13T09:29:22+00:00,9907.03,9823.41,12879.13,4
2026-07-13T09:39:25+00:00,9907.43,9830.23,12879.66,4
2026-07-13T09:49:27+00:00,9907.25,9822.94,12879.43,4
2026-07-13T09:59:30+00:00,9907.39,9820.62,12879.61,4
2026-07-13T10:09:33+00:00,9913.71,9804.38,12887.82,4
2026-07-13T10:29:53+00:00,9915.42,9802.18,11402.84,3
2026-07-13T10:39:56+00:00,9913.35,9808.15,12887.58,2
2026-07-13T10:49:58+00:00,9919.47,9790.61,12895.32,2
2026-07-13T11:00:00+00:00,9917.63,9789.4,12892.92,2
2026-07-13T11:10:03+00:00,9907.4,9819.45,12880.52,4
2026-07-13T11:20:05+00:00,9912.74,9802.23,12886.57,4
2026-07-13T11:30:07+00:00,9913.26,9806.53,12887.24,4
2026-07-13T11:40:10+00:00,9914.38,9807.29,12888.69,4
2026-07-13T11:50:12+00:00,9915.62,9808.44,12890.31,4
2026-07-13T12:00:15+00:00,9913.17,9794.23,9913.17,4
2026-07-13T12:10:17+00:00,9918.74,9782.9,9918.74,4
2026-07-13T12:20:20+00:00,9919.25,9787.09,9919.25,4
2026-07-13T12:30:22+00:00,9918.26,9770.83,9918.26,4
2026-07-13T12:40:25+00:00,9913.92,9737.89,9913.92,4
2026-07-13T12:50:28+00:00,9913.61,9746.41,9913.61,4
2026-07-13T13:00:30+00:00,9914.78,9748.2,6939.9,4
2026-07-13T13:10:33+00:00,9911.7,9738.0,6938.19,4
2026-07-13T13:20:36+00:00,9903.05,9707.16,6932.13,4
2026-07-13T13:30:38+00:00,9911.58,9728.18,6938.1,4
2026-07-13T13:40:41+00:00,9912.9,9732.88,5451.76,5
2026-07-13T13:50:44+00:00,9917.17,9705.41,5454.44,5
2026-07-13T14:00:47+00:00,9904.59,9722.13,9904.59,4
2026-07-13T14:10:50+00:00,9910.08,9715.73,9910.08,4
2026-07-13T14:20:53+00:00,9913.22,9732.35,9913.22,4
2026-07-13T14:30:55+00:00,9912.3,9751.64,9912.3,4
2026-07-13T14:40:58+00:00,9910.01,9755.46,8423.39,3
2026-07-13T14:51:00+00:00,9911.63,9767.08,6937.92,4
2026-07-13T15:01:03+00:00,9913.09,9793.08,15863.62,4
2026-07-13T15:21:24+00:00,9913.63,9792.17,15861.82,4
2026-07-13T15:31:27+00:00,9914.85,9790.17,15863.76,4
2026-07-13T15:41:30+00:00,9933.51,9759.47,15893.62,4
2026-07-13T15:51:34+00:00,9935.08,9756.91,15896.13,4
2026-07-13T16:01:37+00:00,9937.8,9745.16,6955.12,2
2026-07-13T16:11:40+00:00,9941.08,9756.47,6958.76,2
2026-07-13T16:21:43+00:00,9928.99,9721.07,6950.29,2
2026-07-13T16:31:46+00:00,9923.71,9705.81,6946.6,2
2026-07-13T16:41:49+00:00,9923.46,9710.05,5457.56,3
2026-07-13T16:51:53+00:00,9918.66,9702.36,3967.02,4
2026-07-13T17:01:56+00:00,9926.36,9717.35,6948.0,4
2026-07-13T17:12:00+00:00,9925.89,9714.11,6948.12,4
2026-07-13T17:22:03+00:00,9921.5,9706.55,8433.16,3
2026-07-13T17:32:06+00:00,9919.03,9692.12,8431.17,3
2026-07-13T17:42:09+00:00,9913.04,9671.26,8426.09,3
2026-07-13T17:52:12+00:00,9911.21,9642.15,9911.21,4
2026-07-13T18:02:17+00:00,9909.65,9632.3,12882.99,4
2026-07-13T18:12:20+00:00,9914.47,9620.61,12888.81,4
2026-07-13T18:22:23+00:00,9915.6,9628.41,12890.28,4
2026-07-13T18:32:26+00:00,9912.52,9638.59,12886.28,4
2026-07-13T18:42:30+00:00,9909.54,9640.98,11396.09,3
2026-07-13T18:52:33+00:00,9902.78,9666.42,9902.78,4
2026-07-13T19:02:35+00:00,9899.41,9653.95,15840.83,4
2026-07-13T19:12:39+00:00,9897.07,9657.75,15835.31,4
2026-07-13T19:22:42+00:00,9900.39,9652.31,15840.63,4
2026-07-13T19:32:45+00:00,9891.17,9667.33,15825.88,4
2026-07-13T19:42:48+00:00,9882.76,9680.99,15812.43,4
2026-07-13T19:52:51+00:00,9874.08,9695.13,15798.53,4
2026-07-13T20:03:09+00:00,9869.34,9696.84,8388.39,1
2026-07-13T20:13:13+00:00,9867.33,9689.11,8387.23,1
2026-07-13T20:23:16+00:00,9863.07,9667.93,8383.61,1
2026-07-13T20:33:19+00:00,9863.99,9671.77,8384.39,1
2026-07-13T20:43:22+00:00,9861.88,9670.67,5423.37,3
2026-07-13T20:53:25+00:00,9854.11,9654.38,3941.2,4
2026-07-13T21:03:28+00:00,9853.0,9652.53,3941.2,4
2026-07-13T21:13:31+00:00,9843.09,9636.38,3937.23,4
2026-07-13T21:23:34+00:00,9847.64,9643.8,3939.05,4
2026-07-13T21:33:37+00:00,9834.49,9623.53,5408.64,3
2026-07-13T21:43:40+00:00,9823.34,9605.05,5402.83,3
2026-07-13T21:53:42+00:00,9831.94,9623.47,6882.14,4
2026-07-13T22:03:45+00:00,9836.43,9654.43,5409.04,3
2026-07-13T22:13:48+00:00,9835.71,9657.72,5409.64,3
2026-07-13T22:23:51+00:00,9836.08,9655.81,5409.85,3
2026-07-13T22:33:54+00:00,9826.36,9637.52,8352.18,3
2026-07-13T22:43:57+00:00,9825.66,9642.25,8351.81,3
2026-07-13T22:54:00+00:00,9826.11,9630.42,9826.11,4
2026-07-13T23:04:02+00:00,9824.14,9620.81,9824.14,2
2026-07-13T23:14:05+00:00,9826.69,9639.42,9826.69,2
2026-07-13T23:24:08+00:00,9826.91,9666.06,8352.77,3
2026-07-13T23:34:11+00:00,9827.59,9664.56,8353.45,3
2026-07-13T23:44:14+00:00,9826.52,9659.9,11300.72,3
2026-07-13T23:54:16+00:00,9822.94,9693.05,12770.05,4
2026-07-14T00:04:19+00:00,9820.97,9692.22,15714.44,4
2026-07-14T00:14:22+00:00,9806.61,9715.83,15690.59,4
2026-07-14T00:24:25+00:00,9813.98,9703.65,15702.37,4
2026-07-14T00:34:27+00:00,9805.27,9718.03,15688.44,4
2026-07-14T00:44:30+00:00,9818.98,9695.42,15710.37,4
2026-07-14T00:54:50+00:00,9801.72,9723.75,15682.76,4
2026-07-14T01:04:53+00:00,9792.92,9733.41,9792.92,4
2026-07-14T01:14:55+00:00,9795.88,9730.12,9795.88,4
2026-07-14T01:24:58+00:00,9799.09,9755.2,9799.09,4
2026-07-14T01:35:00+00:00,9800.17,9726.78,9800.17,4
2026-07-14T01:45:03+00:00,9799.98,9721.5,9799.98,4
2026-07-14T01:55:06+00:00,9799.68,9724.79,9799.68,4
2026-07-14T02:05:08+00:00,9798.91,9724.33,3917.8,4
2026-07-14T02:15:11+00:00,9794.08,9716.28,3917.63,4
2026-07-14T02:25:13+00:00,9782.97,9697.91,3913.19,4
2026-07-14T02:35:16+00:00,9779.24,9691.78,3911.69,4
2026-07-14T02:45:19+00:00,9799.61,9725.42,3919.84,4
2026-07-14T02:55:21+00:00,9793.78,9715.76,3917.51,4
2026-07-14T03:05:24+00:00,9791.6,9712.17,3916.64,4
2026-07-14T03:15:27+00:00,9771.32,9678.71,3908.53,4
2026-07-14T03:25:30+00:00,9770.26,9677.0,3908.1,4
2026-07-14T03:35:32+00:00,9783.06,9699.31,5380.35,3
2026-07-14T03:45:35+00:00,9783.77,9703.67,5381.07,3
2026-07-14T03:55:37+00:00,9787.84,9715.2,6851.27,4
2026-07-14T04:05:40+00:00,9788.77,9733.44,9788.77,2
2026-07-14T04:15:43+00:00,9790.34,9713.98,9790.34,2
2026-07-14T04:25:46+00:00,9791.75,9728.45,9791.75,2
2026-07-14T04:35:49+00:00,9791.58,9734.17,9791.58,2
2026-07-14T04:45:51+00:00,9793.14,9735.23,12731.52,4
2026-07-14T04:55:54+00:00,9790.48,9737.03,12727.63,4
2026-07-14T05:05:56+00:00,9789.74,9742.62,15664.47,4
2026-07-14T05:15:59+00:00,9783.28,9753.31,15653.25,4
2026-07-14T05:26:02+00:00,9775.01,9767.03,15640.02,4
2026-07-14T05:36:04+00:00,9778.53,9761.15,15645.65,4
2026-07-14T05:56:28+00:00,9784.55,9751.05,15655.28,4
2026-07-14T06:06:32+00:00,9792.23,9738.28,15667.58,4
2026-07-14T06:16:35+00:00,9792.79,9737.37,15668.46,4
2026-07-14T06:26:41+00:00,9790.91,9740.5,15665.46,4
2026-07-14T06:36:44+00:00,9787.55,9746.07,15660.08,4
2026-07-14T06:46:48+00:00,9794.9,9733.83,15671.85,4
2026-07-14T06:56:51+00:00,9799.44,9725.09,14209.53,3
2026-07-14T07:06:55+00:00,9800.22,9723.88,12740.51,4
2026-07-14T07:16:59+00:00,9800.42,9723.25,12740.54,4
2026-07-14T07:27:03+00:00,9794.44,9738.14,11263.71,3
2026-07-14T07:37:07+00:00,9794.75,9725.47,6855.66,6
2026-07-14T07:47:10+00:00,9790.18,9707.11,12728.56,4
2026-07-14T07:57:14+00:00,9783.31,9715.38,14187.46,7
2026-07-14T08:07:17+00:00,9782.43,9713.79,11250.24,9
2026-07-14T08:17:21+00:00,9787.03,9723.69,11255.08,9
2026-07-14T08:27:24+00:00,9786.56,9735.54,12723.19,8
2026-07-14T08:37:28+00:00,9786.1,9741.35,9786.1,6
2026-07-14T08:47:32+00:00,9788.56,9744.25,9788.56,6
2026-07-14T08:57:35+00:00,9781.29,9733.67,11249.04,5
2026-07-14T09:07:39+00:00,9778.18,9735.93,9778.18,6
2026-07-14T09:17:42+00:00,9777.2,9745.61,12711.24,6
2026-07-14T09:27:46+00:00,9773.22,9736.99,9773.22,4
2026-07-14T09:37:50+00:00,9759.04,9714.51,11223.88,7
2026-07-14T09:47:53+00:00,9748.61,9725.18,11211.34,7
2026-07-14T09:57:57+00:00,9741.97,9727.54,9741.97,4
2026-07-14T10:08:01+00:00,9729.71,9744.84,967.71,8
2026-07-14T10:18:05+00:00,9723.8,9742.1,3887.77,6
2026-07-14T10:28:08+00:00,9716.49,9734.52,6800.67,8
2026-07-14T10:48:32+00:00,9732.21,9766.2,6811.67,6
2026-07-14T10:58:35+00:00,9734.56,9773.31,3892.94,6
2026-07-14T11:08:38+00:00,9721.9,9757.81,8263.07,3
2026-07-14T11:18:42+00:00,9717.45,9766.31,14091.61,5
2026-07-14T11:28:46+00:00,9711.11,9784.24,8254.0,5
2026-07-14T11:38:50+00:00,9712.93,9768.84,8255.99,5
2026-07-14T11:48:54+00:00,9715.3,9769.89,8258.0,5
2026-07-14T11:58:58+00:00,9712.97,9772.39,11170.14,5
2026-07-14T12:09:02+00:00,9717.92,9759.13,8260.01,5
2026-07-14T12:19:06+00:00,9711.78,9774.11,11168.98,5
2026-07-14T12:29:10+00:00,9709.26,9772.59,11165.87,5
2026-07-14T12:39:14+00:00,9688.07,9891.12,2418.72,5
2026-07-14T12:49:18+00:00,9719.28,9943.52,971.26,6
2026-07-14T12:59:23+00:00,9742.92,9987.84,974.28,6
2026-07-14T13:09:26+00:00,9728.48,9967.54,2431.57,5
2026-07-14T13:19:30+00:00,9732.38,9980.42,6812.01,4
2026-07-14T13:29:34+00:00,9751.96,10065.32,5363.24,5
2026-07-14T13:39:38+00:00,9747.6,10053.16,3896.84,6
2026-07-14T13:49:43+00:00,9739.26,10021.01,5356.26,7
2026-07-14T13:59:47+00:00,9736.38,10023.98,6815.24,6
2026-07-14T14:09:51+00:00,9724.01,9999.4,19941.11,7
2026-07-14T14:19:55+00:00,9714.47,10016.99,18458.16,6
2026-07-14T14:30:00+00:00,9713.13,10012.04,19912.68,7
2026-07-14T14:40:04+00:00,9686.42,10038.42,11140.04,7
2026-07-14T14:50:08+00:00,9675.48,10029.66,14030.1,7
2026-07-14T15:00:12+00:00,9652.35,10075.25,6755.55,6
2026-07-14T15:10:16+00:00,9655.51,10073.22,8206.86,7
2026-07-14T15:20:21+00:00,9651.51,10073.53,5306.37,7
2026-07-14T15:40:50+00:00,9631.13,10108.71,9631.13,2
2026-07-14T15:50:55+00:00,9623.85,10117.71,13956.85,7
2026-07-14T16:00:59+00:00,9626.81,10091.49,12515.07,8
2026-07-14T16:11:03+00:00,9629.11,10100.09,9629.11,8
2026-07-14T16:21:07+00:00,9622.36,10091.59,12509.51,8
2026-07-14T16:31:11+00:00,9618.89,10105.48,2400.93,7
2026-07-14T16:41:15+00:00,9623.02,10113.22,-482.67,7
2026-07-14T16:51:20+00:00,9612.52,10097.15,-1923.37,8
2026-07-14T17:01:24+00:00,9606.99,10079.89,-481.11,7
2026-07-14T17:11:28+00:00,9574.9,10023.39,6701.35,4
2026-07-14T17:21:32+00:00,9575.78,10043.34,6703.04,4
2026-07-14T17:31:36+00:00,9573.74,10060.81,2391.82,7
2026-07-14T17:41:40+00:00,9566.56,10055.3,3824.47,4
2026-07-14T17:51:44+00:00,9571.44,10065.12,2392.32,5
2026-07-14T18:01:49+00:00,9567.45,10072.77,12440.05,8
2026-07-14T18:11:53+00:00,9558.97,10069.38,6689.55,8
2026-07-14T18:21:57+00:00,9556.59,10067.35,6689.18,8
2026-07-14T18:32:01+00:00,9553.66,10066.76,12421.05,6
2026-07-14T18:42:06+00:00,9543.12,10078.4,16704.22,7
2026-07-14T18:52:10+00:00,9545.79,10087.47,16705.14,7
2026-07-14T19:02:14+00:00,9541.55,10107.09,15268.62,6
2026-07-14T19:12:18+00:00,9540.12,10108.31,10971.45,7
2026-07-14T19:22:23+00:00,9535.25,10139.5,-482.78,7
2026-07-14T19:32:27+00:00,9520.36,10112.13,10949.27,7
2026-07-14T19:42:31+00:00,9507.04,10109.41,12360.65,6
2026-07-14T19:52:35+00:00,9500.71,10116.84,16627.85,5
2026-07-14T20:02:39+00:00,9506.23,10092.82,16638.05,7
2026-07-14T20:12:43+00:00,9498.73,10094.54,15200.11,8
2026-07-14T20:33:08+00:00,8072.79,10085.51,16551.51,9
2026-07-14T20:43:12+00:00,8069.89,10081.21,10492.13,4
2026-07-14T20:53:16+00:00,8065.87,10085.66,12906.84,6
2026-07-14T21:03:19+00:00,8062.45,10086.44,4432.44,5
2026-07-14T21:13:22+00:00,8065.98,10100.1,3226.03,4
2026-07-14T21:23:26+00:00,8067.0,10102.67,3226.8,4
2026-07-14T21:33:30+00:00,8065.54,10104.18,4435.23,5
2026-07-14T21:43:33+00:00,8067.2,10108.89,5646.86,4
2026-07-14T21:53:37+00:00,8060.37,10092.76,9269.7,3
2026-07-14T22:03:41+00:00,8058.44,10083.23,14104.09,5
2026-07-14T22:13:45+00:00,8061.86,10076.05,14108.25,5
2026-07-14T22:23:49+00:00,8036.31,10123.92,11653.74,5
2026-07-14T22:33:53+00:00,8028.66,10158.09,6824.0,3
2026-07-14T22:43:57+00:00,8023.06,10155.12,799.59,6
2026-07-14T22:54:00+00:00,8010.83,10141.72,10415.53,2
2026-07-14T23:04:04+00:00,8012.95,10123.67,12821.44,4
2026-07-14T23:14:07+00:00,7998.71,10151.1,12798.66,4
2026-07-14T23:24:11+00:00,8001.25,10137.55,11602.63,5
2026-07-14T23:34:14+00:00,7999.22,10133.87,6798.98,3
2026-07-14T23:44:18+00:00,7997.79,10149.87,6797.94,5
2026-07-14T23:54:21+00:00,7996.3,10156.4,3197.44,6
2026-07-15T00:04:25+00:00,7997.17,10158.62,3198.87,6
2026-07-15T00:14:28+00:00,7994.06,10142.41,3197.62,6
2026-07-15T00:24:32+00:00,7985.44,10129.55,7985.44,6
2026-07-15T00:34:36+00:00,7979.85,10116.4,7979.85,4
2026-07-15T00:44:39+00:00,7981.84,10109.23,7981.84,4
2026-07-15T00:54:43+00:00,7978.42,10121.71,5584.54,6
2026-07-15T01:04:46+00:00,7975.24,10108.0,5581.95,4
2026-07-15T01:25:11+00:00,7976.77,10112.78,5583.74,4
2026-07-15T01:35:15+00:00,7977.66,10114.5,5584.36,4
2026-07-15T01:45:19+00:00,7974.76,10090.24,7974.76,6
2026-07-15T01:55:23+00:00,7974.17,10080.43,12760.11,4
2026-07-15T02:05:27+00:00,7972.15,10081.35,11560.43,3
2026-07-15T02:15:30+00:00,7969.48,10082.25,7969.48,4
2026-07-15T02:25:34+00:00,7965.04,10060.3,10355.26,4
2026-07-15T02:35:38+00:00,7968.58,10048.64,12750.45,4
2026-07-15T02:45:42+00:00,7961.89,10061.24,11545.01,5
2026-07-15T02:55:46+00:00,7958.79,10055.39,5570.26,6
2026-07-15T03:05:50+00:00,7956.75,10064.48,3181.98,6
2026-07-15T03:15:54+00:00,7956.39,10075.95,5568.75,4
2026-07-15T03:25:58+00:00,7955.8,10073.3,6762.34,5
2026-07-15T03:36:02+00:00,7964.0,10096.71,5574.62,6
2026-07-15T03:46:06+00:00,7958.49,10089.76,4376.36,7
2026-07-15T03:56:10+00:00,7978.33,10113.08,-401.44,9
2026-07-15T04:06:14+00:00,7973.37,10111.12,5580.1,8
2026-07-15T04:16:18+00:00,7977.13,10112.5,6780.47,9
2026-07-15T04:26:22+00:00,7970.96,10107.5,9166.96,7
2026-07-15T04:36:26+00:00,7969.68,10108.29,9165.31,7
2026-07-15T04:46:30+00:00,7958.95,10118.28,7958.95,6
2026-07-15T04:56:34+00:00,7958.86,10115.11,6764.59,5
2026-07-15T05:06:38+00:00,7953.52,10105.38,12728.14,6
2026-07-15T05:16:41+00:00,7959.59,10089.82,13929.73,7
2026-07-15T05:26:45+00:00,7959.17,10088.42,17512.33,8
2026-07-15T05:36:49+00:00,7950.31,10103.64,11529.3,5
2026-07-15T05:46:53+00:00,7948.18,10102.19,9140.76,5
2026-07-15T05:56:58+00:00,7941.65,10131.66,1982.73,5
2026-07-15T06:07:21+00:00,7954.87,10164.94,-400.26,9
2026-07-15T06:17:25+00:00,7944.03,10159.86,1983.32,7
2026-07-15T06:27:29+00:00,7944.13,10162.61,792.8,6
2026-07-15T06:37:33+00:00,7946.52,10179.51,7946.52,8
2026-07-15T06:47:37+00:00,7933.35,10158.94,6742.9,7
2026-07-15T06:57:40+00:00,7922.46,10130.81,10300.09,4
2026-07-15T07:07:44+00:00,7920.36,10113.31,12674.72,8
2026-07-15T07:17:48+00:00,7916.03,10119.92,15041.52,8
2026-07-15T07:27:52+00:00,7943.35,10074.22,16284.52,7
2026-07-15T07:37:56+00:00,7933.57,10083.96,16265.08,7
2026-07-15T07:48:00+00:00,7936.07,10082.02,16270.2,7
2026-07-15T07:58:03+00:00,7930.6,10079.14,6740.29,9
2026-07-15T08:08:07+00:00,7925.48,10081.14,7925.48,4
2026-07-15T08:18:11+00:00,7924.5,10091.74,6735.55,3
2026-07-15T08:28:16+00:00,7923.27,10088.17,5546.11,4
2026-07-15T08:38:22+00:00,7920.03,10099.41,9108.3,5
2026-07-15T08:48:27+00:00,7918.84,10105.62,6730.84,5
2026-07-15T08:58:33+00:00,7920.64,10114.93,4355.82,5
2026-07-15T09:08:38+00:00,7919.31,10125.95,7919.31,6
2026-07-15T09:18:43+00:00,7915.32,10141.66,6727.75,3
2026-07-15T09:28:48+00:00,7914.01,10136.49,5539.27,2
2026-07-15T09:38:53+00:00,7905.21,10123.05,16211.28,7
2026-07-15T09:48:59+00:00,7905.4,10119.56,17392.59,8
2026-07-15T09:59:04+00:00,7909.97,10106.82,17403.35,8
2026-07-15T10:09:10+00:00,7895.46,10130.62,11449.76,5
2026-07-15T10:19:16+00:00,7895.98,10121.36,10265.31,6
2026-07-15T10:29:21+00:00,7905.38,10091.79,11463.07,7
2026-07-15T10:39:26+00:00,7898.16,10100.49,12638.13,4
2026-07-15T10:49:31+00:00,7895.23,10104.22,12633.07,6
2026-07-15T11:09:57+00:00,7882.14,10112.92,3148.59,6
2026-07-15T11:20:03+00:00,7873.85,10101.86,3148.12,6
2026-07-15T11:30:08+00:00,7871.09,10099.74,5509.41,6
2026-07-15T11:40:13+00:00,7873.52,10109.99,5511.11,4
2026-07-15T11:50:18+00:00,7870.49,10107.72,4327.97,5
2026-07-15T12:00:24+00:00,7874.52,10116.35,5511.99,4
2026-07-15T12:10:30+00:00,7871.0,10100.91,9051.92,5
2026-07-15T12:20:35+00:00,7868.13,10109.07,7868.13,4
2026-07-15T12:30:41+00:00,7865.07,10150.56,783.31,6
2026-07-15T12:40:46+00:00,7864.15,10142.24,786.41,6
2026-07-15T12:50:52+00:00,7891.44,10193.68,789.14,6
2026-07-15T13:00:58+00:00,7915.75,10246.45,3165.58,6
2026-07-15T13:11:03+00:00,7918.26,10285.76,1979.11,5
2026-07-15T13:21:08+00:00,7927.87,10313.55,1981.96,5
2026-07-15T13:31:14+00:00,7921.66,10306.97,789.49,6
2026-07-15T13:41:19+00:00,7918.67,10296.05,4354.46,9
2026-07-15T13:51:25+00:00,7900.8,10207.59,10271.93,8
2026-07-15T14:01:31+00:00,7891.22,10247.61,4337.77,7
2026-07-15T14:11:36+00:00,7910.79,10275.55,1976.8,7
2026-07-15T14:21:43+00:00,7904.42,10253.75,-2769.76,9
2026-07-15T14:31:48+00:00,7895.49,10255.26,4340.92,7
2026-07-15T14:41:54+00:00,7897.08,10259.61,5527.42,6
2026-07-15T14:52:00+00:00,7896.92,10263.1,6712.12,9
2026-07-15T15:02:05+00:00,7895.01,10253.7,7895.01,6
2026-07-15T15:12:11+00:00,7891.79,10270.29,4339.68,3
2026-07-15T15:22:18+00:00,7887.19,10261.32,9070.63,3
2026-07-15T15:32:23+00:00,7887.2,10255.35,6703.76,5
2026-07-15T15:42:29+00:00,7888.89,10274.39,10256.1,6
2026-07-15T16:02:56+00:00,7886.23,10251.81,12620.1,8
2026-07-15T16:13:08+00:00,7895.72,10219.38,11449.6,7
2026-07-15T16:23:14+00:00,7902.64,10203.4,15017.69,8
2026-07-15T16:33:20+00:00,7906.27,10201.21,12650.74,8
2026-07-15T16:43:26+00:00,7918.49,10159.83,13857.82,7
2026-07-15T16:53:32+00:00,7902.98,10188.21,7902.98,8
2026-07-15T17:03:37+00:00,7892.56,10205.32,3154.17,6
2026-07-15T17:13:43+00:00,7896.7,10207.75,788.6,8
2026-07-15T17:23:49+00:00,7895.35,10203.64,788.47,8
2026-07-15T17:33:56+00:00,7896.17,10201.8,3157.75,8
2026-07-15T17:44:02+00:00,7896.94,10206.96,-396.72,9
2026-07-15T17:54:07+00:00,7909.05,10218.98,-395.46,9
2026-07-15T18:04:13+00:00,7909.31,10223.55,3161.23,8
2026-07-15T18:14:19+00:00,7905.23,10249.27,788.38,6
2026-07-15T18:24:24+00:00,7904.41,10240.43,3161.05,6
2026-07-15T18:34:30+00:00,7901.78,10241.47,5530.89,6
2026-07-15T18:44:36+00:00,7900.8,10215.34,12643.41,6
2026-07-15T18:54:43+00:00,7908.42,10195.54,16214.14,7
2026-07-15T19:04:48+00:00,7901.23,10203.9,16198.77,9
2026-07-15T19:14:54+00:00,7902.24,10195.84,16200.83,7
2026-07-15T19:24:59+00:00,7912.93,10173.24,12661.76,6
2026-07-15T19:35:05+00:00,7908.67,10177.96,18589.39,9
2026-07-15T19:45:11+00:00,7900.55,10189.66,12642.67,8
2026-07-15T19:55:17+00:00,7894.29,10181.0,10263.29,8
2026-07-15T20:05:23+00:00,7890.64,10172.85,784.8,6
2026-07-15T20:15:29+00:00,7890.31,10174.19,787.96,8
2026-07-15T20:25:35+00:00,7894.83,10190.36,4341.36,7
2026-07-15T20:35:41+00:00,7895.17,10194.7,3157.0,4
2026-07-15T20:56:13+00:00,7892.18,10188.28,1972.6,5
2026-07-15T21:06:19+00:00,7891.86,10189.97,5523.77,4
2026-07-15T21:16:26+00:00,7891.95,10189.46,5524.01,4
2026-07-15T21:26:33+00:00,7893.89,10193.55,5525.72,4
2026-07-15T21:36:40+00:00,7890.5,10178.08,7890.5,4
2026-07-15T21:46:47+00:00,7889.92,10180.59,9073.5,3
2026-07-15T21:56:54+00:00,7890.6,10187.05,9074.2,3
2026-07-15T22:07:00+00:00,7886.79,10193.02,3152.94,4
2026-07-15T22:17:12+00:00,7884.64,10190.79,3153.15,6
2026-07-15T22:27:18+00:00,7886.87,10198.05,787.62,6
2026-07-15T22:37:25+00:00,7892.18,10210.34,789.22,6
2026-07-15T22:47:31+00:00,7886.69,10202.38,3153.97,6
2026-07-15T22:57:37+00:00,7879.67,10193.8,9062.06,5
2026-07-15T23:07:44+00:00,7873.95,10201.74,11418.83,5
2026-07-15T23:17:51+00:00,7876.39,10193.85,9058.02,5
2026-07-15T23:27:58+00:00,7875.01,10187.04,7875.01,4
2026-07-15T23:38:04+00:00,7873.65,10187.86,10236.1,6
2026-07-15T23:48:10+00:00,7876.63,10163.38,12603.32,6
2026-07-15T23:58:16+00:00,7872.34,10170.2,11415.16,5
2026-07-16T00:08:23+00:00,7868.0,10179.51,9048.37,5
2026-07-16T00:18:29+00:00,7867.5,10173.59,10227.93,6
2026-07-16T00:28:35+00:00,7871.81,10147.92,11414.39,5
2026-07-16T00:38:42+00:00,7870.47,10140.52,13775.09,5
2026-07-16T00:48:48+00:00,7874.14,10131.22,12598.98,6
2026-07-16T00:58:55+00:00,7867.2,10142.62,10227.71,4
2026-07-16T01:09:02+00:00,7858.08,10152.02,6678.75,5
2026-07-16T01:19:08+00:00,7853.76,10113.53,9032.0,5
2026-07-16T01:29:15+00:00,7850.74,10136.3,9028.53,5
2026-07-16T01:49:45+00:00,7852.0,10171.26,7852.0,6
2026-07-16T01:59:50+00:00,7852.25,10171.63,5496.22,6
2026-07-16T02:09:55+00:00,7848.24,10160.74,5493.77,6
2026-07-16T02:20:01+00:00,7847.87,10161.0,10202.94,2
2026-07-16T02:30:06+00:00,7846.53,10168.04,7846.53,2
2026-07-16T02:40:12+00:00,7844.72,10162.47,6667.92,3
2026-07-16T02:50:17+00:00,7849.58,10172.51,5494.53,4
2026-07-16T03:00:23+00:00,7847.39,10176.19,11380.04,5
2026-07-16T03:10:28+00:00,7847.76,10175.91,10202.26,6
2026-07-16T03:20:34+00:00,7847.85,10168.27,7847.85,6
2026-07-16T03:30:39+00:00,7845.53,10172.9,9022.45,5
2026-07-16T03:40:45+00:00,7843.79,10169.96,9020.71,5
2026-07-16T03:50:50+00:00,7850.02,10145.67,10205.56,6
2026-07-16T04:00:56+00:00,7844.8,10153.98,7844.8,8
2026-07-16T04:11:01+00:00,7842.14,10145.6,12548.85,8
2026-07-16T04:21:06+00:00,7840.91,10143.43,10193.89,6
2026-07-16T04:31:12+00:00,7837.33,10153.58,10189.24,6
2026-07-16T04:41:18+00:00,7833.54,10147.59,5482.42,6
2026-07-16T04:51:23+00:00,7831.28,10143.7,6656.32,7
2026-07-16T05:01:29+00:00,7828.23,10149.91,7828.23,4
2026-07-16T05:11:35+00:00,7827.66,10155.87,9002.08,7
2026-07-16T05:21:40+00:00,7820.7,10183.81,4299.8,7
2026-07-16T05:31:46+00:00,7822.71,10192.31,3128.73,6
2026-07-16T05:41:51+00:00,7820.55,10199.33,779.94,8
2026-07-16T05:51:57+00:00,7814.98,10197.65,3124.58,6
2026-07-16T06:02:02+00:00,7809.35,10198.87,11325.93,9
2026-07-16T06:12:07+00:00,7805.24,10198.65,11319.18,7
2026-07-16T06:22:14+00:00,7805.77,10193.97,10148.03,8
2026-07-16T06:42:40+00:00,7814.49,10166.42,14849.65,6
2026-07-16T06:52:46+00:00,7806.56,10181.87,16005.3,7
2026-07-16T07:02:51+00:00,7803.01,10177.28,12486.57,6
2026-07-16T07:12:57+00:00,7798.55,10176.14,5457.93,6
2026-07-16T07:23:02+00:00,7792.46,10160.5,7792.46,6
2026-07-16T07:33:08+00:00,7793.67,10136.34,14811.13,6
2026-07-16T07:43:13+00:00,7808.6,10087.66,14838.46,8
2026-07-16T07:53:19+00:00,7816.27,10069.81,16023.97,7
2026-07-16T08:03:25+00:00,7801.42,10095.92,7801.42,6
2026-07-16T08:13:30+00:00,7805.0,10043.07,10146.85,8
2026-07-16T08:23:36+00:00,7809.47,10027.53,10152.31,8
2026-07-16T08:33:42+00:00,7809.21,10069.03,6637.56,7
2026-07-16T08:43:48+00:00,7805.55,10069.33,776.86,8
2026-07-16T08:53:53+00:00,7790.72,10043.6,-2729.13,9
2026-07-16T09:03:59+00:00,7790.11,10058.13,11298.81,7
2026-07-16T09:14:06+00:00,7787.89,10052.7,11292.97,5
2026-07-16T09:24:11+00:00,7790.9,10043.57,12465.79,6
2026-07-16T09:34:17+00:00,7790.87,10043.16,15973.12,7
2026-07-16T09:44:23+00:00,7787.0,10046.58,14796.88,8
2026-07-16T09:54:28+00:00,7792.08,10035.72,15975.61,9
2026-07-16T10:04:34+00:00,7783.13,10037.74,10118.95,6
2026-07-16T10:14:40+00:00,7774.28,10052.67,8940.86,5
2026-07-16T10:24:46+00:00,7772.31,10056.18,6606.12,7
2026-07-16T10:34:51+00:00,7769.36,10072.33,4271.57,5
2026-07-16T10:44:57+00:00,7760.68,10059.86,5431.6,4
2026-07-16T10:55:03+00:00,7760.38,10058.96,5431.92,6
2026-07-16T11:05:09+00:00,7754.4,10050.55,14737.55,6
2026-07-16T11:15:14+00:00,7752.44,10055.51,13567.21,5
2026-07-16T11:25:42+00:00,7750.19,10059.46,11238.3,5
2026-07-16T11:35:48+00:00,7755.58,10048.08,10082.43,6
2026-07-16T11:45:54+00:00,7747.91,10062.59,8910.18,5
2026-07-16T11:56:00+00:00,7748.17,10053.78,11235.89,5
2026-07-16T12:06:06+00:00,7747.81,10050.31,5422.59,6
2026-07-16T12:16:12+00:00,7745.29,10040.18,8907.34,5
2026-07-16T12:26:18+00:00,7737.41,10041.53,11219.77,5
2026-07-16T12:36:24+00:00,7736.68,10040.34,10057.86,6
2026-07-16T12:46:30+00:00,7737.19,9997.78,12380.21,4
2026-07-16T12:56:36+00:00,7738.67,10011.53,12381.87,4
2026-07-16T13:06:42+00:00,7740.72,10009.03,14708.41,6
2026-07-16T13:16:48+00:00,7730.14,10032.08,6570.01,5
2026-07-16T13:26:54+00:00,7735.41,10061.17,5414.61,4
2026-07-16T13:37:00+00:00,7738.72,10090.73,3093.4,8
2026-07-16T13:47:06+00:00,7730.86,10056.29,5410.9,6
2026-07-16T13:57:12+00:00,7732.04,10059.83,7732.04,6
2026-07-16T14:07:18+00:00,7717.19,10084.65,7717.19,6
2026-07-16T14:17:25+00:00,7719.6,10107.73,4244.48,7
2026-07-16T14:27:31+00:00,7718.87,10098.57,4245.38,7
2026-07-16T14:37:37+00:00,7723.39,10110.63,3088.31,8
2026-07-16T14:47:44+00:00,7721.19,10105.65,5404.48,8
2026-07-16T14:57:50+00:00,7714.6,10070.55,12345.45,6
2026-07-16T15:07:57+00:00,7719.11,10051.08,13510.61,7
2026-07-16T15:18:03+00:00,7714.36,10057.39,13500.99,7
2026-07-16T15:28:10+00:00,7696.59,10119.34,6541.58,7
2026-07-16T15:38:16+00:00,7687.07,10110.28,-1542.27,8
2026-07-16T15:48:22+00:00,7685.32,10096.37,767.49,8
2026-07-16T15:58:29+00:00,7682.62,10101.61,3072.35,8
2026-07-16T16:08:36+00:00,7675.55,10086.31,8827.31,7
2026-07-16T16:29:05+00:00,7676.73,10078.39,12283.8,8
2026-07-16T16:39:13+00:00,7677.86,10064.69,13436.69,9
2026-07-16T16:49:20+00:00,7671.29,10056.75,14577.0,6
2026-07-16T16:59:28+00:00,7659.51,10066.56,4210.4,7
2026-07-16T17:09:36+00:00,7654.79,10043.3,1911.11,9
2026-07-16T17:19:43+00:00,7647.49,10018.68,4205.6,7
2026-07-16T17:29:51+00:00,7647.94,10013.34,6500.41,3
2026-07-16T17:39:59+00:00,7645.16,10028.06,7645.16,6
2026-07-16T17:50:07+00:00,7638.92,10010.97,8785.01,7
2026-07-16T18:00:14+00:00,7641.38,9975.45,5348.11,8
2026-07-16T18:10:22+00:00,7649.91,9992.92,6502.34,7
2026-07-16T18:20:30+00:00,7654.05,10002.64,4209.21,7
2026-07-16T18:30:37+00:00,7649.38,9994.72,4206.13,7
2026-07-16T18:40:45+00:00,7633.66,9962.16,6488.27,5
2026-07-16T18:50:53+00:00,7637.88,9995.43,6491.85,9
2026-07-16T19:01:00+00:00,7639.09,10005.64,7639.09,6
2026-07-16T19:11:09+00:00,7643.93,9993.77,7643.93,8
2026-07-16T19:21:16+00:00,7645.57,10000.33,9939.93,6
2026-07-16T19:31:24+00:00,7643.68,10006.2,12230.58,6
2026-07-16T19:41:32+00:00,7643.69,10011.53,14524.05,8
2026-07-16T19:51:39+00:00,7647.58,10011.64,12236.82,8
2026-07-16T20:01:48+00:00,7628.74,10008.41,6483.82,7
2026-07-16T20:11:55+00:00,7627.25,9999.39,7627.25,8
2026-07-16T20:22:04+00:00,7621.74,10006.96,6478.22,5
2026-07-16T20:32:11+00:00,7620.17,10000.99,9907.08,4
2026-07-16T20:42:19+00:00,7621.12,9996.67,11050.89,3
2026-07-16T20:52:27+00:00,7619.16,9997.07,9905.42,4
2026-07-16T21:02:34+00:00,7616.33,9996.19,8759.21,5
2026-07-16T21:23:05+00:00,7617.14,10011.68,7617.14,6
2026-07-16T21:33:12+00:00,7616.68,10010.07,8759.27,5
2026-07-16T21:43:18+00:00,7614.63,10014.16,6472.27,3
2026-07-16T21:53:25+00:00,7612.51,10019.15,5328.24,4
2026-07-16T22:03:31+00:00,7611.71,10023.11,9895.91,4
2026-07-16T22:13:37+00:00,7613.09,10016.63,9897.35,6
2026-07-16T22:23:44+00:00,7621.59,9992.9,12195.23,4
2026-07-16T22:33:50+00:00,7618.78,9999.07,12190.05,4
2026-07-16T22:43:56+00:00,7628.0,9976.29,14494.24,6
2026-07-16T22:54:03+00:00,7634.43,9962.43,14505.43,6
2026-07-16T23:04:09+00:00,7638.8,9948.82,11077.03,3
2026-07-16T23:14:15+00:00,7636.82,9948.38,8782.51,3
2026-07-16T23:24:21+00:00,7643.51,9916.49,8790.21,5
2026-07-16T23:34:28+00:00,7637.68,9925.66,6491.85,5
2026-07-16T23:44:34+00:00,7634.92,9936.27,4198.18,3
2026-07-16T23:54:40+00:00,7633.11,9938.75,761.76,6
2026-07-17T00:04:47+00:00,7629.0,9932.2,3050.91,6
2026-07-17T00:14:53+00:00,7627.74,9927.48,5339.07,6
2026-07-17T00:24:59+00:00,7627.42,9933.45,5339.19,6
2026-07-17T00:35:05+00:00,7620.79,9913.05,6477.58,5
2026-07-17T00:45:11+00:00,7621.01,9929.71,7621.01,4
2026-07-17T00:55:17+00:00,7621.43,9954.64,1903.21,5
2026-07-17T01:05:23+00:00,7626.71,9967.05,3050.34,4
2026-07-17T01:15:30+00:00,7630.14,9980.6,761.98,6
2026-07-17T01:25:36+00:00,7616.46,9955.52,7616.46,4
2026-07-17T01:35:42+00:00,7615.76,9939.29,12186.59,6
2026-07-17T01:45:48+00:00,7625.72,9918.65,12201.16,6
2026-07-17T01:55:55+00:00,7636.91,9892.11,14511.18,6
2026-07-17T02:16:25+00:00,7628.91,9914.46,14494.93,6
2026-07-17T02:26:32+00:00,7632.79,9905.66,14502.3,6
2026-07-17T02:36:39+00:00,7637.67,9894.8,13366.36,5
2026-07-17T02:46:47+00:00,7644.44,9882.52,14524.95,6
2026-07-17T02:56:54+00:00,7643.27,9886.04,14522.21,6
2026-07-17T03:07:01+00:00,7620.26,9924.37,6476.62,3
2026-07-17T03:17:09+00:00,7616.56,9931.39,3045.59,4
2026-07-17T03:27:16+00:00,7621.86,9943.98,761.16,6
2026-07-17T03:37:23+00:00,7619.7,9939.93,5333.11,4
2026-07-17T03:47:31+00:00,7612.28,9917.79,5327.91,8
2026-07-17T03:57:38+00:00,7612.59,9919.97,6470.28,5
2026-07-17T04:07:46+00:00,7618.93,9906.55,9905.13,8
2026-07-17T04:17:54+00:00,7632.32,9897.88,7632.32,8
2026-07-17T04:28:01+00:00,7638.21,9882.1,12222.52,8
2026-07-17T04:38:08+00:00,7636.38,9884.2,12218.21,8
2026-07-17T04:48:15+00:00,7619.35,9917.56,8762.69,5
2026-07-17T04:58:23+00:00,7622.07,9907.91,7622.07,4
2026-07-17T05:08:30+00:00,7620.53,9894.09,5333.69,6
2026-07-17T05:18:37+00:00,7620.58,9897.04,9907.44,6
2026-07-17T05:28:44+00:00,7625.3,9869.07,9913.24,6
2026-07-17T05:38:52+00:00,7626.42,9859.29,11059.09,5
2026-07-17T05:49:00+00:00,7644.23,9807.51,12231.81,8
2026-07-17T05:59:08+00:00,7651.56,9794.42,12242.5,8
2026-07-17T06:09:15+00:00,7638.45,9810.67,5345.53,8
2026-07-17T06:19:23+00:00,7638.73,9809.02,3054.12,6
2026-07-17T06:29:30+00:00,7645.34,9839.94,1910.04,9
2026-07-17T06:39:37+00:00,7648.85,9845.25,1912.21,9
2026-07-17T06:49:44+00:00,7640.64,9830.0,1909.3,7
2026-07-17T07:00:21+00:00,7634.55,9829.97,6488.51,7
2026-07-17T07:10:28+00:00,7635.24,9827.3,6489.96,7
2026-07-17T07:20:35+00:00,7635.15,9814.35,8780.76,7
2026-07-17T07:30:42+00:00,7635.77,9827.71,9926.67,8
2026-07-17T07:40:49+00:00,7635.99,9820.71,8781.65,7
2026-07-17T07:50:55+00:00,7631.6,9826.0,6486.35,7
2026-07-17T08:01:02+00:00,7625.96,9816.21,13348.01,7
2026-07-17T08:11:10+00:00,7619.46,9816.61,8762.89,5
2026-07-17T08:21:17+00:00,7618.41,9802.3,15621.35,7
2026-07-17T08:31:24+00:00,7617.99,9802.98,15618.09,9
2026-07-17T08:41:30+00:00,7617.93,9791.74,15617.96,7
2026-07-17T08:51:38+00:00,7598.03,9822.31,6457.64,7
2026-07-17T09:01:45+00:00,7588.39,9829.0,3032.96,6
2026-07-17T09:11:51+00:00,7583.17,9823.24,757.29,8
2026-07-17T09:21:58+00:00,7580.47,9827.77,7580.47,6
2026-07-17T09:32:05+00:00,7577.2,9840.91,7577.2,8
2026-07-17T09:42:12+00:00,7567.85,9842.08,4160.53,5
2026-07-17T09:52:19+00:00,7568.11,9840.24,3026.22,6
2026-07-17T10:02:26+00:00,7562.2,9851.74,8697.3,7
2026-07-17T10:12:33+00:00,7557.26,9840.21,9824.94,6
2026-07-17T10:22:39+00:00,7553.2,9847.49,10952.91,5
2026-07-17T10:32:46+00:00,7552.0,9847.64,10950.91,5
2026-07-17T10:42:53+00:00,7547.85,9859.87,6415.34,3
2026-07-17T10:53:00+00:00,7547.85,9859.16,7547.85,4
2026-07-17T11:03:07+00:00,7543.42,9855.46,12072.19,6
2026-07-17T11:13:15+00:00,7546.69,9845.19,12074.71,6
2026-07-17T11:23:22+00:00,7546.59,9844.31,10942.81,5
2026-07-17T11:33:29+00:00,7542.17,9850.39,6410.51,5
2026-07-17T11:43:36+00:00,7540.11,9862.96,5277.57,4
2026-07-17T12:04:08+00:00,7537.12,9857.84,4144.65,5
2026-07-17T12:14:17+00:00,7533.82,9842.74,7533.82,4
2026-07-17T12:24:25+00:00,7531.25,9846.91,10921.08,5
2026-07-17T12:34:33+00:00,7533.46,9834.28,13184.4,5
2026-07-17T12:44:41+00:00,7538.6,9817.27,13193.39,5
2026-07-17T12:54:49+00:00,7543.12,9817.08,13200.46,5
2026-07-17T13:04:58+00:00,7548.5,9794.67,10946.34,3
2026-07-17T13:15:06+00:00,7548.46,9743.73,9813.51,4
2026-07-17T13:25:14+00:00,7546.96,9746.05,9811.38,2
2026-07-17T13:35:22+00:00,7550.53,9732.79,12082.22,6
2026-07-17T13:45:31+00:00,7551.61,9713.43,9818.12,6
2026-07-17T13:55:38+00:00,7520.97,9765.57,4134.24,9
2026-07-17T14:05:46+00:00,7545.93,9824.93,1883.92,9
2026-07-17T14:15:55+00:00,7556.86,9847.46,755.17,8
2026-07-17T14:26:03+00:00,7550.07,9832.82,1887.09,9
2026-07-17T14:36:12+00:00,7542.46,9831.66,1883.91,7
2026-07-17T14:46:20+00:00,7538.85,9807.39,5276.69,4
2026-07-17T14:56:28+00:00,7531.83,9812.71,4141.74,5
2026-07-17T15:06:36+00:00,7517.49,9768.01,12031.71,6
2026-07-17T15:16:45+00:00,7518.17,9763.48,7518.17,6
2026-07-17T15:26:53+00:00,7510.6,9782.36,7510.6,6
2026-07-17T15:37:01+00:00,7501.14,9814.16,2998.42,4
2026-07-17T15:47:10+00:00,7501.12,9810.33,2999.77,4
2026-07-17T15:57:18+00:00,7509.7,9842.13,3003.2,6
2026-07-17T16:07:27+00:00,7509.69,9843.13,4129.06,7
2026-07-17T16:17:35+00:00,7513.26,9857.08,1876.62,7
2026-07-17T16:27:43+00:00,7509.89,9862.67,4129.42,5
2026-07-17T16:37:52+00:00,7503.44,9860.15,-378.72,7
2026-07-17T16:58:23+00:00,7506.71,9873.74,3000.99,6
2026-07-17T17:08:31+00:00,7522.98,9926.76,8652.02,9
2026-07-17T17:18:38+00:00,7522.44,9928.6,6393.9,7
2026-07-17T17:28:46+00:00,7522.49,9935.42,6393.94,7
2026-07-17T17:38:53+00:00,7511.21,9930.66,12021.65,6
2026-07-17T17:49:04+00:00,7512.31,9939.93,12020.37,8
2026-07-17T17:59:12+00:00,7519.25,9925.14,14288.61,8
2026-07-17T18:09:19+00:00,7521.0,9920.05,10906.72,9
2026-07-17T18:19:27+00:00,7521.88,9905.56,8650.5,7
2026-07-17T18:29:34+00:00,7519.79,9903.94,7519.79,8
2026-07-17T18:39:44+00:00,7524.8,9908.33,6396.0,9
2026-07-17T18:49:52+00:00,7524.33,9946.34,-382.16,7
2026-07-17T18:59:59+00:00,7521.56,9943.34,751.64,8
2026-07-17T19:10:07+00:00,7505.86,9918.58,4127.46,7
2026-07-17T19:20:15+00:00,7491.19,9900.61,16488.03,8
2026-07-17T19:30:23+00:00,7483.14,9917.4,15341.03,9
2026-07-17T19:40:30+00:00,7484.57,9917.26,13098.84,9
2026-07-17T19:50:38+00:00,7469.51,9929.66,741.39,6
2026-07-17T20:00:46+00:00,7454.86,9909.88,4097.91,7
2026-07-17T20:10:53+00:00,7454.17,9903.45,2980.66,8
2026-07-17T20:21:01+00:00,7451.39,9907.7,7451.39,8
2026-07-17T20:31:08+00:00,7445.6,9907.44,7445.6,4
2026-07-17T20:41:16+00:00,7442.9,9896.05,9676.1,6
2026-07-17T20:51:24+00:00,7438.67,9907.76,6322.61,3
2026-07-17T21:01:31+00:00,7437.86,9921.11,5205.67,6
2026-07-17T21:11:40+00:00,7436.64,9919.53,4089.9,5
2026-07-17T21:21:47+00:00,7436.19,9920.37,5205.17,6
2026-07-17T21:31:55+00:00,7436.63,9916.92,7436.63,4
2026-07-17T21:52:28+00:00,8550.28,9909.47,9833.02,3
2026-07-17T22:02:37+00:00,8547.46,9911.74,8547.46,4
2026-07-17T22:12:46+00:00,8546.53,9907.24,8546.53,4
2026-07-17T22:22:54+00:00,8549.05,9900.18,8549.05,4
2026-07-17T22:33:03+00:00,8548.46,9895.47,9830.83,3
2026-07-17T22:43:11+00:00,8547.95,9895.89,9830.34,3
2026-07-17T22:53:19+00:00,8546.95,9901.99,8546.95,4
2026-07-17T23:03:27+00:00,8546.46,9893.52,5982.14,4
2026-07-17T23:13:36+00:00,8544.52,9884.24,7262.74,3
2026-07-17T23:23:45+00:00,8545.03,9900.12,5981.33,4
2026-07-17T23:33:54+00:00,8545.33,9913.2,3417.36,4
2026-07-17T23:44:02+00:00,8542.54,9907.84,3417.02,4
2026-07-17T23:54:10+00:00,8542.15,9908.31,4697.9,3
2026-07-18T00:04:19+00:00,8537.56,9903.18,11099.79,4
2026-07-18T00:14:27+00:00,8532.23,9913.16,8532.23,4
2026-07-18T00:24:36+00:00,8531.23,9913.08,8531.23,2
2026-07-18T00:34:44+00:00,8532.42,9909.54,8532.42,2
2026-07-18T00:44:52+00:00,8531.32,9907.67,11091.1,4
2026-07-18T00:55:01+00:00,8531.46,9904.44,11090.9,4
2026-07-18T01:05:10+00:00,8527.08,9902.05,13644.09,4
2026-07-18T01:15:18+00:00,8526.8,9902.62,13642.87,4
2026-07-18T01:25:27+00:00,8522.64,9909.4,12358.11,3
2026-07-18T01:35:35+00:00,8524.15,9901.63,12360.6,3
2026-07-18T01:45:44+00:00,8519.44,9908.17,12353.76,3
2026-07-18T01:55:52+00:00,8516.61,9914.39,11071.78,2
2026-07-18T02:06:01+00:00,8515.84,9909.3,9793.5,3
2026-07-18T02:16:10+00:00,8515.08,9920.92,8515.08,4
2026-07-18T02:26:19+00:00,8516.04,9927.23,7238.54,3
2026-07-18T02:46:53+00:00,8514.02,9918.17,8514.02,4
2026-07-18T02:57:01+00:00,8513.03,9915.9,9790.08,3
2026-07-18T03:07:08+00:00,8510.83,9919.3,13618.48,4
2026-07-18T03:17:16+00:00,8508.89,9920.61,11061.95,2
2026-07-18T03:27:23+00:00,8510.54,9915.32,11063.7,2
2026-07-18T03:37:32+00:00,8510.74,9913.73,12340.86,3
2026-07-18T03:47:39+00:00,8509.45,9914.55,11062.47,2
2026-07-18T03:57:47+00:00,8505.94,9924.35,7229.77,3
2026-07-18T04:07:55+00:00,8503.01,9922.58,8503.01,4
2026-07-18T04:18:03+00:00,8503.53,9917.44,8503.53,4
2026-07-18T04:28:11+00:00,8501.74,9914.06,11052.64,4
2026-07-18T04:38:18+00:00,8501.98,9909.28,13603.93,4
2026-07-18T04:48:26+00:00,8502.08,9909.54,12328.3,5
2026-07-18T04:58:34+00:00,8500.57,9911.89,9775.84,5
2026-07-18T05:08:42+00:00,8500.14,9908.56,11050.75,4
2026-07-18T05:18:50+00:00,8502.13,9902.13,11052.77,4
2026-07-18T05:28:58+00:00,8499.5,9910.17,11049.35,4
2026-07-18T05:39:06+00:00,8496.59,9913.91,8496.59,2
2026-07-18T05:49:14+00:00,8495.88,9913.03,5946.73,4
2026-07-18T05:59:22+00:00,8489.32,9903.1,12310.94,3
2026-07-18T06:09:30+00:00,8487.35,9906.74,11033.74,4
2026-07-18T06:19:38+00:00,8485.55,9911.86,11031.22,4
2026-07-18T06:29:46+00:00,8485.13,9911.04,9758.0,3
2026-07-18T06:39:54+00:00,8484.45,9907.53,11029.98,4
2026-07-18T06:50:02+00:00,8481.94,9911.09,11026.9,2
2026-07-18T07:00:10+00:00,8481.61,9910.46,13571.34,4
2026-07-18T07:10:18+00:00,8483.84,9906.14,13574.14,4
2026-07-18T07:20:26+00:00,8483.39,9907.04,13573.42,4
2026-07-18T07:40:57+00:00,8480.63,9912.39,13569.0,4
2026-07-18T07:51:04+00:00,8478.42,9912.91,9750.47,3
2026-07-18T08:01:12+00:00,8476.2,9901.55,11019.63,2
2026-07-18T08:11:19+00:00,8473.55,9911.66,8473.55,4
2026-07-18T08:21:26+00:00,8473.49,9910.07,8473.49,4
2026-07-18T08:31:34+00:00,8470.64,9923.49,5929.06,2
2026-07-18T08:41:41+00:00,8468.41,9916.05,7198.06,3
2026-07-18T08:51:49+00:00,8467.01,9916.63,5926.72,2
2026-07-18T09:01:56+00:00,8463.36,9914.18,11003.13,2
2026-07-18T09:12:04+00:00,8464.06,9909.14,11003.28,2
2026-07-18T09:22:11+00:00,8465.66,9891.93,13545.82,4
2026-07-18T09:32:18+00:00,8467.33,9888.77,13547.73,4
2026-07-18T09:42:26+00:00,8466.28,9890.82,13546.04,4
2026-07-18T09:52:33+00:00,8460.54,9895.72,7190.99,3
2026-07-18T10:02:41+00:00,8460.44,9898.85,3383.04,4
2026-07-18T10:12:49+00:00,8461.54,9900.97,3384.61,4
2026-07-18T10:22:56+00:00,8461.39,9900.68,3384.56,4
2026-07-18T10:33:03+00:00,8465.22,9908.13,3386.09,4
2026-07-18T10:43:11+00:00,8461.38,9900.65,3384.55,4
2026-07-18T10:53:18+00:00,8462.27,9902.4,3384.91,4
2026-07-18T11:03:27+00:00,8459.77,9903.64,9729.21,3
2026-07-18T11:13:34+00:00,8457.82,9905.3,7188.96,3
2026-07-18T11:23:42+00:00,8456.4,9907.81,8456.4,2
2026-07-18T11:33:49+00:00,8454.76,9908.78,8454.76,2
2026-07-18T11:43:57+00:00,8454.58,9906.14,9722.86,3
2026-07-18T11:54:05+00:00,8450.33,9909.84,12254.11,3
2026-07-18T12:04:12+00:00,8441.86,9922.74,5908.35,4
2026-07-18T12:14:19+00:00,8440.94,9919.38,5908.66,4
2026-07-18T12:34:51+00:00,8437.48,9906.51,10969.48,4
2026-07-18T12:45:01+00:00,8434.67,9916.23,10965.07,4
2026-07-18T12:55:10+00:00,8430.77,9922.65,8430.77,2
2026-07-18T13:05:19+00:00,8429.6,9910.47,3370.32,4
2026-07-18T13:15:28+00:00,8418.19,9889.42,4629.72,3
2026-07-18T13:25:37+00:00,8412.18,9879.42,9674.39,1
2026-07-18T13:35:47+00:00,8410.03,9887.15,8410.03,0
2026-07-18T13:45:56+00:00,8407.5,9893.32,3361.49,4
2026-07-18T13:56:05+00:00,8408.01,9894.36,3363.2,4
2026-07-18T14:06:14+00:00,8404.64,9890.28,5882.87,4
2026-07-18T14:16:24+00:00,8407.42,9903.6,5885.19,4
2026-07-18T14:26:33+00:00,8407.1,9908.87,5884.97,4
2026-07-18T14:36:43+00:00,8408.15,9915.53,4624.2,3
2026-07-18T14:46:52+00:00,8406.03,9912.22,5884.03,2
2026-07-18T14:57:02+00:00,8405.33,9912.23,8405.33,4
2026-07-18T15:07:12+00:00,8402.72,9915.77,13445.86,4
2026-07-18T15:17:21+00:00,8403.72,9913.77,13445.95,4
2026-07-18T15:27:30+00:00,8407.41,9906.56,13451.86,4
2026-07-18T15:37:39+00:00,8407.01,9907.31,13451.22,4
2026-07-18T15:47:49+00:00,8408.1,9905.09,13452.97,4
2026-07-18T15:57:58+00:00,8404.11,9910.48,10925.72,2
2026-07-18T16:08:07+00:00,8404.85,9902.59,10926.68,4
2026-07-18T16:18:17+00:00,8398.41,9915.12,7138.36,3
2026-07-18T16:28:26+00:00,8396.15,9910.97,10915.56,4
2026-07-18T16:38:35+00:00,8389.36,9920.11,4612.73,3
2026-07-18T16:48:44+00:00,8386.97,9919.74,7128.73,1
2026-07-18T16:58:54+00:00,8388.06,9929.25,4612.87,3
2026-07-18T17:09:03+00:00,8385.42,9924.91,4611.42,3
2026-07-18T17:29:40+00:00,8384.16,9921.88,5868.72,4
2026-07-18T17:39:49+00:00,8391.38,9950.2,4614.97,3
2026-07-18T17:49:58+00:00,8392.26,9957.51,3356.53,4
2026-07-18T18:00:07+00:00,8393.81,9963.08,5875.29,2
2026-07-18T18:10:17+00:00,8390.97,9956.79,8390.97,4
2026-07-18T18:20:26+00:00,8388.81,9958.21,9647.22,3
2026-07-18T18:30:35+00:00,8383.48,9974.04,5867.87,2
2026-07-18T18:40:44+00:00,8377.26,9957.66,8377.26,2
2026-07-18T18:50:53+00:00,8376.16,9960.28,9632.68,3
2026-07-18T19:01:02+00:00,8371.9,9963.13,7115.55,3
2026-07-18T19:11:12+00:00,8371.84,9959.63,5860.1,4
2026-07-18T19:21:21+00:00,8372.56,9971.54,4604.63,3
2026-07-18T19:31:31+00:00,8368.77,9962.57,5857.95,4
2026-07-18T19:41:40+00:00,8369.33,9966.88,4602.85,3
2026-07-18T19:51:49+00:00,8368.96,9970.26,7113.43,3
2026-07-18T20:01:59+00:00,8366.96,9971.96,3345.65,4
2026-07-18T20:12:08+00:00,8371.57,9981.11,3348.63,4
2026-07-18T20:22:17+00:00,8380.46,9998.8,3352.18,4
2026-07-18T20:32:26+00:00,8370.12,9978.29,3348.05,4
2026-07-18T20:42:35+00:00,8367.56,9975.66,5856.92,2
2026-07-18T20:52:44+00:00,8362.31,9970.29,13381.95,4
2026-07-18T21:02:53+00:00,8352.94,9982.54,7099.53,3
2026-07-18T21:13:03+00:00,8351.91,9985.63,7099.12,3
2026-07-18T21:23:12+00:00,8354.06,9993.71,5847.66,2
2026-07-18T21:33:21+00:00,8349.55,9983.9,8349.55,4
2026-07-18T21:43:30+00:00,8347.04,9981.22,10851.53,2
2026-07-18T21:53:39+00:00,8343.23,9991.43,12097.96,3
2026-07-18T22:03:48+00:00,8339.55,9997.13,9590.86,3
2026-07-18T22:24:25+00:00,8340.65,9993.58,9591.75,3
2026-07-18T22:34:35+00:00,8342.39,9984.4,12097.02,3
2026-07-18T22:44:45+00:00,8339.3,9989.78,10841.27,4
2026-07-18T22:54:54+00:00,8340.0,9990.29,10842.0,4
2026-07-18T23:05:04+00:00,8335.35,9994.09,4583.03,3
2026-07-18T23:15:13+00:00,8327.07,9982.3,12075.95,3
2026-07-18T23:25:23+00:00,8321.4,9992.43,8321.4,4
2026-07-18T23:35:32+00:00,8320.39,9990.64,9568.54,3
2026-07-18T23:45:42+00:00,8317.58,9991.7,4573.55,3
2026-07-18T23:55:51+00:00,8315.56,9991.67,8315.56,2
2026-07-19T00:06:00+00:00,8314.48,9992.77,5819.76,4
2026-07-19T00:16:10+00:00,8315.31,9995.23,5820.72,4
2026-07-19T00:26:19+00:00,8316.62,10000.26,5821.63,4
2026-07-19T00:36:29+00:00,8311.73,9984.19,9558.77,3
2026-07-19T00:46:38+00:00,8312.39,9985.82,9559.25,3
2026-07-19T00:56:47+00:00,8310.88,9992.89,8310.88,4
2026-07-19T01:06:57+00:00,8309.27,9992.07,5815.74,2
2026-07-19T01:17:06+00:00,8309.07,9992.04,5816.35,2
2026-07-19T01:27:16+00:00,8309.61,9993.93,7063.08,3
2026-07-19T01:37:26+00:00,8307.74,9988.84,8307.74,4
2026-07-19T01:47:35+00:00,8306.64,9989.33,9552.73,3
2026-07-19T01:57:45+00:00,8304.28,9991.36,5812.43,4
2026-07-19T02:07:55+00:00,8307.92,10031.32,8307.92,2
2026-07-19T02:18:04+00:00,8305.89,10028.21,7059.91,1
2026-07-19T02:28:14+00:00,8305.39,10026.44,7059.58,1
2026-07-19T02:38:23+00:00,8306.73,10058.97,8306.73,2
2026-07-19T02:48:33+00:00,8306.06,10036.09,12044.63,3
2026-07-19T02:58:42+00:00,8304.37,10037.25,9550.21,3
2026-07-19T03:19:19+00:00,8308.19,10006.87,12047.44,3
2026-07-19T03:29:29+00:00,8308.84,10004.24,10801.68,4
2026-07-19T03:39:39+00:00,8307.72,10004.45,12046.48,3
2026-07-19T03:49:48+00:00,8305.38,10009.2,10797.18,4
2026-07-19T03:59:58+00:00,8304.18,10013.11,10795.43,4
2026-07-19T04:10:07+00:00,8302.33,10003.09,4564.32,3
2026-07-19T04:20:17+00:00,8301.73,10003.83,5811.02,2
2026-07-19T04:30:26+00:00,8302.99,10012.51,4566.36,3
2026-07-19T04:40:36+00:00,8307.7,10025.2,3322.7,4
2026-07-19T04:50:45+00:00,8307.08,10023.98,3322.83,4
2026-07-19T05:00:55+00:00,8304.25,10020.74,5812.6,4
2026-07-19T05:11:04+00:00,8303.91,10022.94,7058.23,3
2026-07-19T05:21:13+00:00,8302.89,10024.41,5811.83,4
2026-07-19T05:31:23+00:00,8301.16,10017.38,7055.89,3
2026-07-19T05:41:33+00:00,8297.4,10014.76,9542.39,3
2026-07-19T05:51:42+00:00,8294.4,10026.37,5805.52,4
2026-07-19T06:01:52+00:00,8289.25,10017.7,10776.78,4
2026-07-19T06:12:02+00:00,8285.69,10021.2,9528.63,3
2026-07-19T06:22:11+00:00,8285.88,10027.68,10771.83,4
2026-07-19T06:32:20+00:00,8286.09,10020.19,9529.1,3
2026-07-19T06:42:30+00:00,8284.25,10023.42,10769.71,4
2026-07-19T06:52:40+00:00,8281.7,10023.18,10766.58,2
2026-07-19T07:02:49+00:00,8279.12,10025.27,8279.12,4
2026-07-19T07:12:58+00:00,8278.71,10017.04,10762.7,4
2026-07-19T07:23:08+00:00,8273.75,10025.76,8273.75,4
2026-07-19T07:33:17+00:00,8271.92,10024.9,9512.8,3
2026-07-19T07:43:27+00:00,8267.93,10034.45,3305.31,4
2026-07-19T07:53:36+00:00,8259.66,10024.05,9499.08,3
2026-07-19T08:14:13+00:00,8255.58,10036.08,4539.45,3
2026-07-19T08:24:22+00:00,8247.9,10020.0,8247.9,2
2026-07-19T08:34:31+00:00,8245.86,10028.94,4534.38,3
2026-07-19T08:44:40+00:00,8245.61,10030.49,7008.58,3
2026-07-19T08:54:49+00:00,8244.33,10035.71,4533.83,3
2026-07-19T09:04:58+00:00,8243.47,10040.69,8243.47,4
2026-07-19T09:15:07+00:00,8242.58,10026.1,9479.06,3
2026-07-19T09:25:16+00:00,8243.49,10012.4,10716.72,4
2026-07-19T09:35:25+00:00,8241.47,10018.17,11950.41,3
2026-07-19T09:45:34+00:00,8244.95,10005.24,10718.63,2
2026-07-19T09:55:43+00:00,8244.56,10005.29,10717.92,2
2026-07-19T10:05:52+00:00,8241.88,10010.25,9478.44,3
2026-07-19T10:16:01+00:00,8240.94,10009.6,7004.61,3
2026-07-19T10:26:10+00:00,8241.8,10009.49,7005.53,3
2026-07-19T10:36:20+00:00,8240.89,10018.7,5768.43,2
2026-07-19T10:46:29+00:00,8244.68,10043.34,3297.13,4
2026-07-19T10:56:38+00:00,8240.43,10034.76,3296.17,4
2026-07-19T11:06:47+00:00,8240.65,10040.23,8240.65,4
2026-07-19T11:16:56+00:00,8239.71,10039.99,8239.71,4
2026-07-19T11:27:05+00:00,8238.71,10031.82,8238.71,4
2026-07-19T11:37:13+00:00,8238.76,10034.86,8238.76,4
2026-07-19T11:47:23+00:00,8239.59,10030.85,9475.63,3
2026-07-19T11:57:32+00:00,8243.45,10017.01,9479.97,3
2026-07-19T12:07:41+00:00,8242.81,10005.48,13189.6,4
2026-07-19T12:17:50+00:00,8246.83,9997.42,13194.93,4
2026-07-19T12:27:59+00:00,8244.99,10001.07,13191.98,4
2026-07-19T12:38:08+00:00,8233.86,10019.87,9469.22,3
2026-07-19T12:48:17+00:00,8231.4,10004.17,9466.3,3
2026-07-19T13:08:51+00:00,8226.36,9999.59,8226.36,4
2026-07-19T13:18:59+00:00,8225.16,9994.96,11927.32,3
2026-07-19T13:29:08+00:00,8219.09,10004.39,6985.85,3
2026-07-19T13:39:16+00:00,8218.28,10000.35,6985.35,3
2026-07-19T13:49:24+00:00,8219.5,10009.77,4520.17,3
2026-07-19T13:59:33+00:00,8219.91,10013.21,4520.95,3
2026-07-19T14:09:40+00:00,8218.09,10019.95,10684.45,2
2026-07-19T14:19:49+00:00,8218.56,10015.83,13150.43,4
2026-07-19T14:29:57+00:00,8218.69,10015.51,13149.91,4
2026-07-19T14:40:06+00:00,8211.95,10027.88,11907.61,3
2026-07-19T14:50:15+00:00,8199.63,10057.19,4508.14,3
2026-07-19T15:00:24+00:00,8190.93,10042.84,8190.93,4
2026-07-19T15:10:32+00:00,8193.38,10031.16,9422.47,3
2026-07-19T15:20:41+00:00,8190.15,10031.48,13105.35,4
2026-07-19T15:30:49+00:00,8195.34,10020.81,13112.54,4
2026-07-19T15:40:58+00:00,8185.09,10036.73,8185.09,2
2026-07-19T15:51:06+00:00,8184.73,10031.27,9412.53,3
2026-07-19T16:01:15+00:00,8182.82,10025.55,10638.58,4
2026-07-19T16:11:23+00:00,8185.06,10015.16,10640.58,4
2026-07-19T16:21:32+00:00,8183.55,10020.22,10638.61,4
2026-07-19T16:31:40+00:00,8182.56,10016.99,10637.33,4
2026-07-19T16:41:48+00:00,8182.77,10008.76,11865.29,3
2026-07-19T16:51:56+00:00,8182.15,10009.35,11864.12,3
2026-07-19T17:02:04+00:00,8197.19,9967.8,11885.93,3
2026-07-19T17:12:13+00:00,8179.16,10015.66,9406.22,3
2026-07-19T17:22:21+00:00,8180.32,10018.79,9407.37,3
2026-07-19T17:32:29+00:00,8175.34,10029.05,3268.3,4
2026-07-19T17:42:38+00:00,8169.53,10017.03,5718.3,4
2026-07-19T18:03:15+00:00,8163.96,9994.32,3264.11,4
2026-07-19T18:13:25+00:00,8160.2,9989.12,6935.9,3
2026-07-19T18:23:35+00:00,8157.66,9975.73,8157.66,2
2026-07-19T18:33:45+00:00,8154.7,9972.23,5707.93,2
2026-07-19T18:43:55+00:00,8154.76,9978.63,4484.84,3
2026-07-19T18:54:05+00:00,8151.22,9971.02,3260.12,4
2026-07-19T19:04:15+00:00,8149.36,9969.51,5704.18,4
2026-07-19T19:14:26+00:00,8154.61,9986.19,5708.23,4
2026-07-19T19:24:35+00:00,8152.62,9985.2,4483.66,3
2026-07-19T19:34:45+00:00,8151.53,9981.94,5705.89,4
2026-07-19T19:44:55+00:00,8149.35,9981.33,5704.54,4
2026-07-19T19:55:05+00:00,8149.69,9981.1,5704.78,4
2026-07-19T20:05:15+00:00,8151.29,10003.18,5705.17,4
2026-07-19T20:15:25+00:00,8152.64,10005.37,5706.85,4
2026-07-19T20:25:35+00:00,8152.62,10005.72,5706.83,4
2026-07-19T20:35:46+00:00,8152.46,10011.18,6929.32,3
2026-07-19T20:45:56+00:00,8152.45,10015.75,5706.53,2
2026-07-19T20:56:06+00:00,8149.34,10011.55,9372.2,3
2026-07-19T21:06:17+00:00,8147.09,10015.64,13036.45,4
2026-07-19T21:16:27+00:00,8148.89,10011.98,13038.22,4
2026-07-19T21:26:37+00:00,8154.06,10001.39,13046.49,4
2026-07-19T21:36:47+00:00,8158.07,9993.24,13052.92,4
2026-07-19T21:46:57+00:00,8162.08,9985.03,13059.33,4
2026-07-19T21:57:07+00:00,8166.57,9974.68,11841.8,5
2026-07-19T22:07:18+00:00,8162.47,9976.04,8162.47,4
2026-07-19T22:17:28+00:00,8155.82,10038.18,2036.65,5
2026-07-19T22:27:39+00:00,8155.19,10041.64,5708.08,6
2026-07-19T22:37:49+00:00,8147.08,10025.17,4480.62,5
2026-07-19T22:58:28+00:00,8146.96,10029.08,6924.73,5
2026-07-19T23:08:39+00:00,8135.96,10013.46,13020.84,4
2026-07-19T23:18:50+00:00,8129.47,10024.23,13007.89,4
2026-07-19T23:29:01+00:00,8128.79,10024.25,13006.8,4
2026-07-19T23:39:11+00:00,8121.88,10033.71,9340.44,3
2026-07-19T23:49:22+00:00,8118.72,10033.09,10554.88,2
2026-07-19T23:59:33+00:00,8114.74,10043.62,8114.74,0
2026-07-20T00:09:44+00:00,8111.7,10063.04,4460.06,5
2026-07-20T00:19:54+00:00,8122.45,10105.65,4466.8,5
2026-07-20T00:30:05+00:00,8106.91,10076.84,3241.66,6
2026-07-20T00:40:16+00:00,8112.09,10089.81,4461.37,5
2026-07-20T00:50:27+00:00,8100.08,10052.74,10531.01,4
2026-07-20T01:00:39+00:00,8101.52,10039.08,11748.03,5
2026-07-20T01:10:49+00:00,8065.59,10111.78,10485.45,6
2026-07-20T01:21:01+00:00,8090.13,10064.88,11730.98,5
2026-07-20T01:31:12+00:00,8075.45,10082.06,10498.63,2
2026-07-20T01:41:24+00:00,8075.01,10075.96,14132.64,5
2026-07-20T01:51:35+00:00,8092.29,10041.5,14161.51,5
2026-07-20T02:01:46+00:00,8082.57,10055.74,8082.57,4
2026-07-20T02:11:58+00:00,8083.39,10076.12,6870.79,5
2026-07-20T02:22:10+00:00,8082.85,10042.64,5657.81,6
2026-07-20T02:32:21+00:00,8080.74,10053.51,5656.52,6
2026-07-20T02:42:33+00:00,8084.98,10075.95,5659.48,6
2026-07-20T02:52:44+00:00,8086.87,10089.55,3234.02,4
2026-07-20T03:02:56+00:00,8085.71,10083.25,807.48,6
2026-07-20T03:13:07+00:00,8081.55,10078.59,4444.04,5
2026-07-20T03:23:18+00:00,8072.98,10061.11,8072.98,6
2026-07-20T03:33:29+00:00,8073.33,10060.88,6862.24,5
2026-07-20T03:54:06+00:00,8071.63,10077.01,2015.18,7
2026-07-20T04:04:16+00:00,8070.82,10062.88,5649.03,8
2026-07-20T04:14:26+00:00,8066.5,10040.62,5646.55,8
2026-07-20T04:24:36+00:00,8058.57,10038.57,10477.23,4
2026-07-20T04:34:45+00:00,8052.55,10058.42,8052.55,8
2026-07-20T04:44:55+00:00,8049.07,10062.43,4426.17,7
2026-07-20T04:55:04+00:00,8039.84,10029.99,5626.98,8
2026-07-20T05:05:14+00:00,8037.44,10006.14,9243.51,7
2026-07-20T05:12:31+00:00,8039.84,9956.35,14071.54,7
2026-07-20T05:25:32+00:00,8029.84,9967.42,10439.34,6
2026-07-20T05:35:42+00:00,8028.13,9970.71,10436.94,4
2026-07-20T05:45:52+00:00,8029.4,9968.97,6824.72,7
2026-07-20T05:56:02+00:00,8024.84,9951.84,9228.74,5
2026-07-20T06:06:13+00:00,8017.76,9950.6,9220.97,5
2026-07-20T06:16:23+00:00,8016.74,9966.56,9219.61,7
2026-07-20T06:26:33+00:00,8017.2,9960.37,9219.78,7
2026-07-20T06:36:43+00:00,8008.32,9930.93,10411.36,8
2026-07-20T06:46:54+00:00,8004.78,9926.95,12809.81,4
2026-07-20T06:57:04+00:00,7999.03,9932.27,13999.66,7
2026-07-20T07:07:14+00:00,7997.58,9935.36,10397.76,8
2026-07-20T07:17:24+00:00,7994.16,9928.32,12792.09,8
2026-07-20T07:27:34+00:00,7980.92,9961.8,11573.69,7
2026-07-20T07:37:44+00:00,7978.5,9961.0,5584.05,6
2026-07-20T07:47:54+00:00,7976.71,9973.93,795.51,6
2026-07-20T07:58:04+00:00,7983.24,9986.66,797.24,6
2026-07-20T08:08:14+00:00,7978.28,9978.9,9175.65,9
2026-07-20T08:18:24+00:00,7971.52,9992.29,9167.42,7
2026-07-20T08:28:33+00:00,7972.18,9989.8,11560.2,9
2026-07-20T08:49:11+00:00,7985.79,9966.98,11579.4,9
2026-07-20T08:59:21+00:00,7986.49,9963.83,11580.95,7
2026-07-20T09:09:31+00:00,7984.57,9965.19,13975.7,9
2026-07-20T09:19:41+00:00,7977.26,9979.77,12765.42,8
2026-07-20T09:29:52+00:00,7974.86,9995.17,10367.67,8
2026-07-20T09:40:02+00:00,7974.08,10002.31,4384.4,7
2026-07-20T09:50:11+00:00,7972.96,10002.79,6776.84,5
2026-07-20T10:00:21+00:00,7965.93,9993.86,9161.54,5
2026-07-20T10:10:31+00:00,7962.66,9997.24,7962.66,4
2026-07-20T10:20:41+00:00,7961.92,10000.25,9156.3,5
2026-07-20T10:30:51+00:00,7958.08,10014.27,4375.33,3
2026-07-20T10:41:01+00:00,7953.08,10006.46,6759.58,5
2026-07-20T10:51:11+00:00,7950.33,10014.36,3179.06,4
2026-07-20T11:01:21+00:00,7946.75,10010.37,5562.01,4
2026-07-20T11:11:32+00:00,7949.3,10030.95,5564.15,6
2026-07-20T11:21:42+00:00,7942.54,10020.29,6751.07,5
2026-07-20T11:31:52+00:00,7944.52,10048.89,3176.02,6
2026-07-20T11:42:02+00:00,7967.47,10105.59,795.66,6
2026-07-20T11:52:12+00:00,7971.82,10115.9,1992.5,5
2026-07-20T12:02:23+00:00,7964.81,10108.52,6769.73,5
2026-07-20T12:12:34+00:00,7949.77,10074.77,12721.42,6
2026-07-20T12:22:44+00:00,7949.94,10072.29,13912.84,5
2026-07-20T12:32:54+00:00,7955.32,10062.33,13921.82,5
2026-07-20T12:43:04+00:00,7954.9,10057.12,11535.14,5
2026-07-20T12:53:14+00:00,7953.05,10060.83,10339.5,6
2026-07-20T13:03:24+00:00,7947.76,10056.02,7947.76,4
2026-07-20T13:13:35+00:00,7943.94,10057.03,9135.62,3
2026-07-20T13:23:46+00:00,7945.22,10052.72,11521.11,5
2026-07-20T13:44:21+00:00,10320.95,10065.99,7223.34,8
2026-07-20T13:54:32+00:00,10300.77,10012.77,16484.02,8
2026-07-20T14:04:42+00:00,10304.77,10003.46,13396.67,8
2026-07-20T14:14:52+00:00,10303.86,9983.8,22674.05,8
2026-07-20T14:25:03+00:00,10304.0,9993.03,21124.01,7
2026-07-20T14:35:13+00:00,10289.35,10010.07,14920.96,7
2026-07-20T14:45:23+00:00,10281.68,10003.6,7196.01,4
2026-07-20T14:55:34+00:00,10276.17,9994.64,11817.95,5
2026-07-20T15:05:44+00:00,10265.64,10040.06,10265.64,8
2026-07-20T15:15:54+00:00,10277.81,10104.12,5650.36,5
2026-07-20T15:26:04+00:00,10273.41,10101.0,-516.91,9
2026-07-20T15:36:15+00:00,10263.83,10090.98,2564.8,7
2026-07-20T15:46:25+00:00,10287.45,10155.85,-3604.79,9
2026-07-20T15:56:36+00:00,10314.85,10189.37,-2063.9,8
2026-07-20T16:06:47+00:00,10297.87,10169.1,2572.73,7
2026-07-20T16:16:58+00:00,10303.11,10195.1,2574.61,7
2026-07-20T16:27:09+00:00,10292.41,10173.1,14926.77,5
2026-07-20T16:37:19+00:00,10292.57,10177.06,18014.32,7
2026-07-20T16:47:29+00:00,10284.29,10190.68,21084.42,9
2026-07-20T16:57:41+00:00,10298.08,10176.15,21111.08,9
2026-07-20T17:07:52+00:00,10288.73,10191.82,11832.74,7
2026-07-20T17:18:02+00:00,10285.67,10178.17,11828.99,7
2026-07-20T17:28:13+00:00,10283.92,10175.66,7198.05,8
2026-07-20T17:38:23+00:00,10279.39,10172.48,8736.9,3
2026-07-20T17:48:35+00:00,10278.77,10169.7,8736.72,5
2026-07-20T17:58:45+00:00,10272.61,10202.97,2563.52,7
2026-07-20T18:08:55+00:00,10283.53,10220.48,1026.26,8
2026-07-20T18:19:05+00:00,10295.31,10236.92,1029.53,8
2026-07-20T18:39:43+00:00,10270.28,10207.72,10270.28,6
2026-07-20T18:49:54+00:00,10266.3,10184.2,11806.6,7
2026-07-20T19:00:05+00:00,10263.25,10173.74,16424.44,6
2026-07-20T19:10:16+00:00,10267.64,10173.13,11808.13,7
2026-07-20T19:20:28+00:00,10269.88,10164.08,7188.22,8
2026-07-20T19:30:40+00:00,10275.03,10158.35,8733.43,7
2026-07-20T19:40:51+00:00,10262.25,10169.57,4102.58,6
2026-07-20T19:51:02+00:00,10255.24,10174.47,5639.34,7
2026-07-20T20:01:14+00:00,10246.97,10172.08,13323.14,6
2026-07-20T20:11:25+00:00,10245.2,10169.86,14856.58,7
2026-07-20T20:21:36+00:00,10248.45,10186.38,14860.95,9
2026-07-20T20:31:47+00:00,10249.64,10192.15,7173.6,4
2026-07-20T20:41:59+00:00,10246.69,10197.63,7172.22,4
2026-07-20T20:52:11+00:00,10241.32,10191.3,8704.55,5
2026-07-20T21:02:22+00:00,10236.78,10194.9,10236.78,4
2026-07-20T21:12:33+00:00,10234.99,10206.89,8699.63,3
2026-07-20T21:22:45+00:00,10235.81,10208.88,8700.21,5
2026-07-20T21:32:57+00:00,10229.87,10210.03,8694.93,3
2026-07-20T21:43:09+00:00,10228.76,10209.06,13298.08,4
2026-07-20T21:53:21+00:00,10226.55,10193.26,14829.53,5
2026-07-20T22:03:32+00:00,10227.92,10170.75,17900.01,5
2026-07-20T22:13:44+00:00,10223.57,10174.9,14824.87,5
2026-07-20T22:23:55+00:00,10225.01,10168.45,17894.91,5
2026-07-20T22:34:07+00:00,10226.75,10163.04,14829.48,5
2026-07-20T22:44:22+00:00,10232.33,10146.78,19443.51,6
2026-07-20T22:54:33+00:00,10229.11,10150.19,16367.5,4
2026-07-20T23:04:45+00:00,10222.7,10157.26,7154.51,4
2026-07-20T23:14:56+00:00,10220.63,10162.19,4087.33,6
2026-07-20T23:35:34+00:00,10232.4,10183.14,2557.52,5
2026-07-20T23:45:45+00:00,10230.05,10180.4,1022.31,6
2026-07-20T23:55:57+00:00,10232.59,10185.22,1023.26,6
2026-07-21T00:06:07+00:00,10228.86,10180.59,4090.62,6
2026-07-21T00:16:18+00:00,10225.87,10175.64,7157.65,4
2026-07-21T00:26:28+00:00,10224.81,10202.93,5621.92,5
2026-07-21T00:36:39+00:00,10228.6,10209.5,4090.98,6
2026-07-21T00:46:50+00:00,10247.22,10238.19,4098.89,6
2026-07-21T00:57:01+00:00,10243.66,10233.02,1022.98,6
2026-07-21T01:07:12+00:00,10244.78,10237.52,5633.59,5
2026-07-21T01:17:23+00:00,10240.83,10227.18,11777.42,5
2026-07-21T01:27:34+00:00,10245.08,10218.56,13318.83,6
2026-07-21T01:37:44+00:00,10238.99,10224.87,13311.14,4
2026-07-21T01:47:55+00:00,10237.22,10208.67,14845.69,5
2026-07-21T01:58:06+00:00,10244.54,10192.42,13318.59,4
2026-07-21T02:08:17+00:00,10236.6,10211.0,11772.66,5
2026-07-21T02:18:29+00:00,10234.51,10184.13,16377.53,4
2026-07-21T02:28:40+00:00,10228.29,10190.3,10228.29,4
2026-07-21T02:38:51+00:00,10230.12,10215.79,10230.12,6
2026-07-21T02:49:02+00:00,10231.6,10209.76,7161.66,4
2026-07-21T02:59:13+00:00,10236.53,10232.91,5629.75,5
2026-07-21T03:09:24+00:00,10257.11,10269.1,8718.31,5
2026-07-21T03:19:35+00:00,10249.75,10253.43,7174.6,4
2026-07-21T03:29:46+00:00,10249.72,10261.77,8711.92,3
2026-07-21T03:39:57+00:00,10246.21,10268.0,10246.21,6
2026-07-21T03:50:08+00:00,10243.16,10265.09,7169.29,8
2026-07-21T04:00:19+00:00,10235.36,10272.84,11771.47,9
2026-07-21T04:10:30+00:00,10233.64,10279.78,13303.97,8
2026-07-21T04:31:08+00:00,10238.52,10251.93,13311.47,8
2026-07-21T04:41:18+00:00,10231.03,10255.18,14836.04,7
2026-07-21T04:51:27+00:00,10227.97,10259.39,19435.22,8
2026-07-21T05:01:37+00:00,10220.16,10265.79,7152.27,8
2026-07-21T05:11:48+00:00,10230.35,10282.57,4091.21,8
2026-07-21T05:21:57+00:00,10228.08,10277.28,4091.23,8
2026-07-21T05:32:07+00:00,10234.48,10289.89,2558.04,9
2026-07-21T05:42:17+00:00,10233.91,10288.54,4092.18,6
2026-07-21T05:52:26+00:00,10242.36,10310.55,1021.47,8
2026-07-21T06:02:36+00:00,10243.56,10318.6,7169.57,8
2026-07-21T06:12:46+00:00,10235.96,10303.73,8700.45,7
2026-07-21T06:22:56+00:00,10237.1,10310.94,16382.59,8
2026-07-21T06:33:06+00:00,10225.44,10331.8,8691.04,5
2026-07-21T06:43:17+00:00,10218.66,10338.99,2551.21,9
2026-07-21T06:53:27+00:00,10206.69,10325.08,5611.61,7
2026-07-21T07:03:36+00:00,10203.97,10334.84,4079.29,6
2026-07-21T07:13:47+00:00,10200.42,10330.95,5609.89,5
2026-07-21T07:23:58+00:00,10192.09,10324.89,5603.58,9
2026-07-21T07:34:09+00:00,10193.77,10332.18,11723.3,7
2026-07-21T07:44:19+00:00,10191.09,10327.23,13249.11,6
2026-07-21T07:54:29+00:00,10193.35,10347.35,8663.77,7
2026-07-21T08:04:39+00:00,10190.63,10348.02,5604.15,7
2026-07-21T08:14:49+00:00,10182.6,10346.92,1014.82,8
2026-07-21T08:24:58+00:00,10186.19,10359.78,2544.82,7
2026-07-21T08:35:08+00:00,10172.46,10342.39,14752.82,7
2026-07-21T08:45:18+00:00,10166.03,10349.15,14742.8,5
2026-07-21T08:55:28+00:00,10161.32,10337.27,19308.57,6
2026-07-21T09:05:37+00:00,10156.05,10326.67,13204.69,6
2026-07-21T09:26:19+00:00,10149.43,10335.36,10149.43,6
2026-07-21T09:36:31+00:00,10148.36,10349.03,5580.57,9
2026-07-21T09:46:42+00:00,10146.54,10349.73,5579.91,7
2026-07-21T09:56:54+00:00,10144.73,10354.33,4057.43,6
2026-07-21T10:07:05+00:00,10137.94,10353.62,7095.19,6
2026-07-21T10:17:17+00:00,10137.89,10353.28,5574.81,5
2026-07-21T10:27:28+00:00,10137.34,10347.46,5575.54,5
2026-07-21T10:37:39+00:00,10134.61,10345.85,7094.0,4
2026-07-21T10:47:51+00:00,10130.3,10337.43,11650.41,5
2026-07-21T10:58:02+00:00,10129.11,10314.42,17728.23,5
2026-07-21T11:08:14+00:00,10130.84,10310.58,19249.27,6
2026-07-21T11:18:25+00:00,10129.7,10313.16,16208.43,4
2026-07-21T11:28:36+00:00,10127.42,10310.43,11646.87,5
2026-07-21T11:38:48+00:00,10122.54,10332.3,4046.73,6
2026-07-21T11:49:00+00:00,10126.44,10343.24,2529.9,5
2026-07-21T11:59:11+00:00,10119.46,10340.05,10119.46,4
2026-07-21T12:09:23+00:00,10116.6,10341.61,16188.39,6
2026-07-21T12:19:35+00:00,10115.12,10361.69,14667.26,5
2026-07-21T12:29:47+00:00,10110.06,10357.35,11627.02,5
2026-07-21T12:39:59+00:00,10103.13,10378.85,7071.51,4
2026-07-21T12:50:11+00:00,10093.93,10370.87,10093.93,4
2026-07-21T13:00:23+00:00,10087.71,10375.49,14628.88,3
2026-07-21T13:10:35+00:00,10083.82,10384.29,16134.57,4
2026-07-21T13:20:47+00:00,10087.81,10370.43,14628.35,5
2026-07-21T13:30:59+00:00,10085.75,10364.41,17653.48,9
2026-07-21T13:41:11+00:00,10094.4,10339.59,17665.22,9
2026-07-21T13:51:24+00:00,10082.94,10374.99,16133.17,8
2026-07-21T14:01:36+00:00,10072.0,10376.81,10072.0,6
2026-07-21T14:22:27+00:00,11592.53,10368.69,2895.27,7
2026-07-21T14:32:39+00:00,11601.22,10376.68,6379.1,9
2026-07-21T14:42:51+00:00,11602.16,10366.32,9861.58,7
2026-07-21T14:53:02+00:00,11600.43,10388.76,4637.56,6
2026-07-21T15:03:14+00:00,11577.35,10355.94,6364.81,7
2026-07-21T15:13:27+00:00,11579.07,10370.65,1153.99,6
2026-07-21T15:23:38+00:00,11581.71,10377.24,-4057.12,9
2026-07-21T15:33:51+00:00,11556.56,10340.58,-4044.82,9
2026-07-21T15:44:03+00:00,11571.09,10358.38,2890.17,5
2026-07-21T15:54:15+00:00,11577.81,10383.25,2893.15,7
2026-07-21T16:04:27+00:00,11583.63,10399.09,1156.01,6
2026-07-21T16:14:39+00:00,11574.83,10380.1,-579.66,7
2026-07-21T16:24:51+00:00,11557.84,10363.82,6355.25,3
2026-07-21T16:35:02+00:00,11553.83,10363.05,11553.83,2
2026-07-21T16:45:14+00:00,11551.09,10357.5,11551.09,6
2026-07-21T16:55:27+00:00,11550.63,10371.25,4617.13,8
2026-07-21T17:05:40+00:00,11532.59,10358.47,18456.3,6
2026-07-21T17:15:52+00:00,11531.31,10356.79,20181.74,7
2026-07-21T17:26:04+00:00,11524.86,10362.05,20171.11,7
2026-07-21T17:36:16+00:00,11520.79,10361.68,16706.7,5
2026-07-21T17:46:27+00:00,11514.15,10373.62,18425.23,8
2026-07-21T17:56:39+00:00,11526.93,10339.24,18444.14,6
2026-07-21T18:06:51+00:00,11512.5,10355.25,14967.8,8
2026-07-21T18:17:04+00:00,11515.97,10355.91,13243.75,7
2026-07-21T18:27:16+00:00,11511.73,10348.0,16693.56,9
2026-07-21T18:37:28+00:00,11512.75,10352.02,14966.83,8
2026-07-21T18:47:40+00:00,11502.92,10348.36,8050.49,6
2026-07-21T18:57:52+00:00,11498.22,10347.86,6322.86,7
2026-07-21T19:18:30+00:00,11492.87,10358.4,9767.9,9
2026-07-21T19:28:42+00:00,11490.78,10370.24,11490.78,4
