ts,symbol,price,prob_up,signal,score
2026-07-11T18:29:09+00:00,ETHUSDT,1824.4,0.715,UP,0.46
2026-07-11T18:29:09+00:00,SOLUSDT,78.14,0.255,DOWN,-0.536
2026-07-11T19:47:21+00:00,BTCUSDT,64235.0,0.574,UP,0.148
2026-07-11T19:47:21+00:00,ETHUSDT,1821.7,0.725,UP,0.485
2026-07-11T19:47:21+00:00,SOLUSDT,77.98,0.314,DOWN,-0.39
2026-07-11T20:34:55+00:00,BTCUSDT,64313.0,0.647,UP,0.303
2026-07-11T20:34:55+00:00,ETHUSDT,1824.2,0.65,UP,0.31
2026-07-11T20:34:55+00:00,SOLUSDT,78.18,0.404,DOWN,-0.195
2026-07-11T21:32:06+00:00,BTCUSDT,64325.0,0.616,UP,0.235
2026-07-11T21:32:06+00:00,ETHUSDT,1824.7,0.767,UP,0.595
2026-07-11T21:32:06+00:00,XRPUSDT,1.11416,0.686,UP,0.391
2026-07-11T22:29:52+00:00,BTCUSDT,64209.0,0.562,UP,0.124
2026-07-11T22:29:52+00:00,ETHUSDT,1813.1,0.593,UP,0.188
2026-07-11T22:29:52+00:00,XRPUSDT,1.10889,0.753,UP,0.556
2026-07-11T23:33:17+00:00,BTCUSDT,63803.0,0.579,UP,0.16
2026-07-11T23:33:17+00:00,ETHUSDT,1789.6,0.607,UP,0.217
2026-07-11T23:33:17+00:00,SOLUSDT,76.84,0.6,UP,0.202
2026-07-11T23:33:17+00:00,XRPUSDT,1.09899,0.703,UP,0.431
2026-07-12T01:12:32+00:00,BTCUSDT,63916.0,0.754,UP,0.56
2026-07-12T01:12:32+00:00,ETHUSDT,1792.7,0.674,UP,0.363
2026-07-12T01:12:32+00:00,SOLUSDT,76.23,0.705,UP,0.435
2026-07-12T01:12:32+00:00,XRPUSDT,1.0942,0.557,UP,0.114
2026-07-12T04:43:59+00:00,BTCUSDT,63993.0,0.219,DOWN,-0.636
2026-07-12T04:43:59+00:00,ETHUSDT,1807.1,0.36,DOWN,-0.289
2026-07-12T04:43:59+00:00,SOLUSDT,76.74,0.555,UP,0.111
2026-07-12T04:43:59+00:00,XRPUSDT,1.0961,0.663,UP,0.337
2026-07-12T07:20:35+00:00,BTCUSDT,63793.0,0.349,DOWN,-0.312
2026-07-12T07:20:35+00:00,ETHUSDT,1796.4,0.651,UP,0.311
2026-07-12T07:20:35+00:00,SOLUSDT,76.57,0.73,UP,0.498
2026-07-12T07:20:35+00:00,XRPUSDT,1.09251,0.762,UP,0.581
2026-07-12T09:28:35+00:00,BTCUSDT,63808.0,0.428,DOWN,-0.145
2026-07-12T09:28:35+00:00,ETHUSDT,1798.4,0.248,DOWN,-0.556
2026-07-12T09:28:35+00:00,SOLUSDT,76.49,0.609,UP,0.221
2026-07-12T09:28:35+00:00,XRPUSDT,1.09124,0.608,UP,0.22
2026-07-12T10:57:48+00:00,BTCUSDT,63849.0,0.612,UP,0.228
2026-07-12T10:57:48+00:00,SOLUSDT,76.69,0.584,UP,0.169
2026-07-12T10:57:48+00:00,XRPUSDT,1.09402,0.675,UP,0.366
2026-07-12T12:05:12+00:00,BTCUSDT,63945.0,0.338,DOWN,-0.337
2026-07-12T12:05:12+00:00,SOLUSDT,76.75,0.582,UP,0.166
2026-07-12T12:05:12+00:00,XRPUSDT,1.09556,0.614,UP,0.233
2026-07-12T13:54:30+00:00,BTCUSDT,63993.0,0.333,DOWN,-0.347
2026-07-12T13:54:30+00:00,ETHUSDT,1805.2,0.371,DOWN,-0.265
2026-07-12T13:54:30+00:00,XRPUSDT,1.09772,0.589,UP,0.179
2026-07-12T15:04:03+00:00,BTCUSDT,64138.0,0.418,DOWN,-0.165
2026-07-12T15:04:03+00:00,ETHUSDT,1818.5,0.309,DOWN,-0.403
2026-07-12T15:04:03+00:00,SOLUSDT,77.42,0.391,DOWN,-0.222
2026-07-12T16:10:03+00:00,BTCUSDT,64148.0,0.372,DOWN,-0.262
2026-07-12T16:10:03+00:00,ETHUSDT,1822.6,0.289,DOWN,-0.45
2026-07-12T16:10:03+00:00,SOLUSDT,77.5,0.294,DOWN,-0.437
2026-07-12T17:20:17+00:00,BTCUSDT,64122.0,0.247,DOWN,-0.558
2026-07-12T17:20:17+00:00,ETHUSDT,1819.7,0.42,DOWN,-0.162
2026-07-12T17:20:17+00:00,SOLUSDT,77.44,0.337,DOWN,-0.339
2026-07-12T17:20:17+00:00,XRPUSDT,1.1,0.752,UP,0.555
2026-07-12T18:29:30+00:00,BTCUSDT,64049.0,0.375,DOWN,-0.256
2026-07-12T18:29:30+00:00,ETHUSDT,1818.0,0.334,DOWN,-0.345
2026-07-12T18:29:30+00:00,SOLUSDT,77.35,0.303,DOWN,-0.416
2026-07-12T18:29:30+00:00,XRPUSDT,1.0985,0.659,UP,0.33
2026-07-12T19:44:49+00:00,ETHUSDT,1817.8,0.409,DOWN,-0.185
2026-07-12T19:44:49+00:00,SOLUSDT,77.45,0.339,DOWN,-0.333
2026-07-12T19:44:49+00:00,XRPUSDT,1.09852,0.343,DOWN,-0.326
2026-07-12T20:31:46+00:00,ETHUSDT,1819.7,0.39,DOWN,-0.225
2026-07-12T20:31:46+00:00,SOLUSDT,77.53,0.377,DOWN,-0.252
2026-07-12T20:31:46+00:00,XRPUSDT,1.09988,0.444,DOWN,-0.113
2026-07-12T21:31:38+00:00,SOLUSDT,77.15,0.384,DOWN,-0.236
2026-07-12T21:31:38+00:00,XRPUSDT,1.09508,0.273,DOWN,-0.49
2026-07-12T22:30:03+00:00,BTCUSDT,63789.0,0.402,DOWN,-0.198
2026-07-12T22:30:03+00:00,SOLUSDT,76.67,0.587,UP,0.176
2026-07-12T22:30:03+00:00,XRPUSDT,1.08474,0.654,UP,0.319
2026-07-12T23:32:35+00:00,BTCUSDT,63778.0,0.633,UP,0.273
2026-07-12T23:32:35+00:00,SOLUSDT,76.76,0.717,UP,0.465
2026-07-12T23:32:35+00:00,XRPUSDT,1.08627,0.737,UP,0.515
2026-07-13T01:13:03+00:00,BTCUSDT,63814.0,0.718,UP,0.467
2026-07-13T01:13:03+00:00,ETHUSDT,1821.3,0.618,UP,0.241
2026-07-13T01:13:03+00:00,SOLUSDT,77.24,0.709,UP,0.445
2026-07-13T01:13:03+00:00,XRPUSDT,1.08935,0.441,DOWN,-0.119
2026-07-13T04:50:55+00:00,BTCUSDT,62739.0,0.71,UP,0.448
2026-07-13T04:50:55+00:00,ETHUSDT,1781.0,0.673,UP,0.362
2026-07-13T04:50:55+00:00,SOLUSDT,76.06,0.737,UP,0.516
2026-07-13T04:50:55+00:00,XRPUSDT,1.0736,0.745,UP,0.537
2026-07-13T05:28:17+00:00,BTCUSDT,62623.0,0.587,UP,0.175
2026-07-13T05:28:17+00:00,ETHUSDT,1778.8,0.598,UP,0.2
2026-07-13T05:28:17+00:00,SOLUSDT,76.09,0.738,UP,0.519
2026-07-13T05:38:20+00:00,BTCUSDT,62759.0,0.593,UP,0.188
2026-07-13T05:38:20+00:00,ETHUSDT,1782.7,0.587,UP,0.175
2026-07-13T05:38:20+00:00,SOLUSDT,76.39,0.692,UP,0.405
2026-07-13T05:38:20+00:00,XRPUSDT,1.07723,0.444,DOWN,-0.112
2026-07-13T05:48:23+00:00,BTCUSDT,62739.0,0.626,UP,0.257
2026-07-13T05:48:23+00:00,ETHUSDT,1779.8,0.643,UP,0.294
2026-07-13T05:48:23+00:00,SOLUSDT,76.3,0.694,UP,0.41
2026-07-13T05:58:25+00:00,BTCUSDT,62735.0,0.612,UP,0.228
2026-07-13T05:58:25+00:00,ETHUSDT,1779.3,0.604,UP,0.212
2026-07-13T05:58:25+00:00,SOLUSDT,76.34,0.668,UP,0.35
2026-07-13T06:08:28+00:00,BTCUSDT,62781.0,0.635,UP,0.278
2026-07-13T06:08:28+00:00,ETHUSDT,1779.2,0.779,UP,0.629
2026-07-13T06:08:28+00:00,SOLUSDT,76.43,0.552,UP,0.105
2026-07-13T06:18:31+00:00,BTCUSDT,62704.0,0.611,UP,0.226
2026-07-13T06:18:31+00:00,ETHUSDT,1775.9,0.747,UP,0.543
2026-07-13T06:28:34+00:00,BTCUSDT,62765.0,0.595,UP,0.193
2026-07-13T06:28:34+00:00,ETHUSDT,1776.4,0.73,UP,0.497
2026-07-13T06:38:36+00:00,BTCUSDT,62763.0,0.579,UP,0.159
2026-07-13T06:38:36+00:00,ETHUSDT,1774.9,0.683,UP,0.383
2026-07-13T06:48:39+00:00,BTCUSDT,62794.0,0.563,UP,0.127
2026-07-13T06:48:39+00:00,ETHUSDT,1777.3,0.661,UP,0.333
2026-07-13T06:48:39+00:00,SOLUSDT,76.45,0.437,DOWN,-0.126
2026-07-13T06:58:41+00:00,ETHUSDT,1776.1,0.645,UP,0.299
2026-07-13T06:58:41+00:00,SOLUSDT,76.29,0.414,DOWN,-0.173
2026-07-13T07:08:44+00:00,BTCUSDT,62762.0,0.298,DOWN,-0.428
2026-07-13T07:08:44+00:00,ETHUSDT,1776.7,0.427,DOWN,-0.148
2026-07-13T07:08:44+00:00,SOLUSDT,76.28,0.575,UP,0.151
2026-07-13T07:08:44+00:00,XRPUSDT,1.07721,0.243,DOWN,-0.568
2026-07-13T07:18:47+00:00,BTCUSDT,62762.0,0.268,DOWN,-0.503
2026-07-13T07:18:47+00:00,ETHUSDT,1776.7,0.435,DOWN,-0.131
2026-07-13T07:18:47+00:00,SOLUSDT,76.28,0.565,UP,0.131
2026-07-13T07:18:47+00:00,XRPUSDT,1.07721,0.231,DOWN,-0.6
2026-07-13T07:28:50+00:00,BTCUSDT,62951.0,0.305,DOWN,-0.412
2026-07-13T07:28:50+00:00,ETHUSDT,1786.3,0.436,DOWN,-0.129
2026-07-13T07:28:50+00:00,SOLUSDT,76.58,0.596,UP,0.195
2026-07-13T07:28:50+00:00,XRPUSDT,1.08054,0.277,DOWN,-0.479
2026-07-13T07:38:52+00:00,BTCUSDT,62969.0,0.328,DOWN,-0.358
2026-07-13T07:38:52+00:00,ETHUSDT,1787.9,0.421,DOWN,-0.16
2026-07-13T07:38:52+00:00,SOLUSDT,76.57,0.605,UP,0.213
2026-07-13T07:38:52+00:00,XRPUSDT,1.08001,0.312,DOWN,-0.396
2026-07-13T07:48:55+00:00,BTCUSDT,62964.0,0.352,DOWN,-0.305
2026-07-13T07:48:55+00:00,ETHUSDT,1786.3,0.399,DOWN,-0.205
2026-07-13T07:48:55+00:00,SOLUSDT,76.41,0.621,UP,0.246
2026-07-13T07:48:55+00:00,XRPUSDT,1.07948,0.339,DOWN,-0.333
2026-07-13T07:58:58+00:00,BTCUSDT,62974.0,0.358,DOWN,-0.291
2026-07-13T07:58:58+00:00,ETHUSDT,1785.9,0.352,DOWN,-0.305
2026-07-13T07:58:58+00:00,SOLUSDT,76.43,0.646,UP,0.301
2026-07-13T07:58:58+00:00,XRPUSDT,1.07898,0.351,DOWN,-0.307
2026-07-13T08:09:00+00:00,BTCUSDT,62942.0,0.385,DOWN,-0.235
2026-07-13T08:09:00+00:00,ETHUSDT,1783.7,0.326,DOWN,-0.364
2026-07-13T08:09:00+00:00,SOLUSDT,76.39,0.284,DOWN,-0.461
2026-07-13T08:09:00+00:00,XRPUSDT,1.07892,0.399,DOWN,-0.204
2026-07-13T08:19:03+00:00,BTCUSDT,62962.0,0.41,DOWN,-0.181
2026-07-13T08:19:03+00:00,ETHUSDT,1783.7,0.353,DOWN,-0.304
2026-07-13T08:19:03+00:00,SOLUSDT,76.38,0.306,DOWN,-0.409
2026-07-13T08:19:03+00:00,XRPUSDT,1.07985,0.421,DOWN,-0.16
2026-07-13T08:29:06+00:00,BTCUSDT,63027.0,0.409,DOWN,-0.183
2026-07-13T08:29:06+00:00,ETHUSDT,1784.9,0.375,DOWN,-0.255
2026-07-13T08:29:06+00:00,SOLUSDT,76.43,0.321,DOWN,-0.375
2026-07-13T08:29:06+00:00,XRPUSDT,1.07919,0.439,DOWN,-0.124
2026-07-13T08:39:08+00:00,BTCUSDT,62976.0,0.437,DOWN,-0.127
2026-07-13T08:39:08+00:00,ETHUSDT,1783.3,0.392,DOWN,-0.22
2026-07-13T08:39:08+00:00,SOLUSDT,76.37,0.333,DOWN,-0.347
2026-07-13T08:49:11+00:00,ETHUSDT,1789.2,0.417,DOWN,-0.167
2026-07-13T08:49:11+00:00,SOLUSDT,76.66,0.354,DOWN,-0.3
2026-07-13T08:59:14+00:00,BTCUSDT,63136.0,0.696,UP,0.414
2026-07-13T08:59:14+00:00,ETHUSDT,1788.0,0.359,DOWN,-0.291
2026-07-13T08:59:14+00:00,SOLUSDT,76.68,0.356,DOWN,-0.297
2026-07-13T08:59:14+00:00,XRPUSDT,1.07902,0.645,UP,0.298
2026-07-13T09:09:16+00:00,BTCUSDT,63096.0,0.234,DOWN,-0.592
2026-07-13T09:09:16+00:00,ETHUSDT,1786.7,0.235,DOWN,-0.59
2026-07-13T09:09:16+00:00,SOLUSDT,76.62,0.356,DOWN,-0.296
2026-07-13T09:09:16+00:00,XRPUSDT,1.07934,0.771,UP,0.607
2026-07-13T09:19:19+00:00,BTCUSDT,63066.0,0.231,DOWN,-0.6
2026-07-13T09:19:19+00:00,ETHUSDT,1784.7,0.226,DOWN,-0.615
2026-07-13T09:19:19+00:00,SOLUSDT,76.58,0.381,DOWN,-0.243
2026-07-13T09:19:19+00:00,XRPUSDT,1.07877,0.766,UP,0.593
2026-07-13T09:29:22+00:00,BTCUSDT,63045.0,0.261,DOWN,-0.52
2026-07-13T09:29:22+00:00,ETHUSDT,1785.0,0.265,DOWN,-0.509
2026-07-13T09:29:22+00:00,SOLUSDT,76.59,0.387,DOWN,-0.23
2026-07-13T09:29:22+00:00,XRPUSDT,1.07839,0.72,UP,0.473
2026-07-13T09:39:25+00:00,BTCUSDT,63056.0,0.309,DOWN,-0.402
2026-07-13T09:39:25+00:00,ETHUSDT,1786.0,0.303,DOWN,-0.417
2026-07-13T09:39:25+00:00,SOLUSDT,76.63,0.418,DOWN,-0.165
2026-07-13T09:39:25+00:00,XRPUSDT,1.08004,0.696,UP,0.413
2026-07-13T09:49:27+00:00,BTCUSDT,63040.0,0.34,DOWN,-0.333
2026-07-13T09:49:27+00:00,ETHUSDT,1784.6,0.332,DOWN,-0.35
2026-07-13T09:49:27+00:00,SOLUSDT,76.6,0.436,DOWN,-0.128
2026-07-13T09:49:27+00:00,XRPUSDT,1.07837,0.662,UP,0.336
2026-07-13T09:59:30+00:00,BTCUSDT,63045.0,0.354,DOWN,-0.3
2026-07-13T09:59:30+00:00,ETHUSDT,1784.0,0.353,DOWN,-0.304
2026-07-13T09:59:30+00:00,SOLUSDT,76.58,0.354,DOWN,-0.3
2026-07-13T09:59:30+00:00,XRPUSDT,1.07791,0.644,UP,0.296
2026-07-13T10:09:33+00:00,BTCUSDT,63033.0,0.432,DOWN,-0.136
2026-07-13T10:09:33+00:00,ETHUSDT,1781.4,0.308,DOWN,-0.404
2026-07-13T10:09:33+00:00,SOLUSDT,76.29,0.228,DOWN,-0.61
2026-07-13T10:09:33+00:00,XRPUSDT,1.07664,0.566,UP,0.132
2026-07-13T10:29:53+00:00,ETHUSDT,1780.1,0.332,DOWN,-0.349
2026-07-13T10:29:53+00:00,SOLUSDT,76.25,0.244,DOWN,-0.565
2026-07-13T10:29:53+00:00,XRPUSDT,1.07705,0.554,UP,0.108
2026-07-13T10:39:56+00:00,ETHUSDT,1781.3,0.356,DOWN,-0.295
2026-07-13T10:39:56+00:00,SOLUSDT,76.32,0.291,DOWN,-0.446
2026-07-13T10:49:58+00:00,ETHUSDT,1777.7,0.373,DOWN,-0.26
2026-07-13T10:49:58+00:00,SOLUSDT,76.16,0.327,DOWN,-0.361
2026-07-13T11:00:00+00:00,ETHUSDT,1777.8,0.389,DOWN,-0.226
2026-07-13T11:00:00+00:00,SOLUSDT,76.25,0.337,DOWN,-0.337
2026-07-13T11:10:03+00:00,BTCUSDT,63082.0,0.227,DOWN,-0.614
2026-07-13T11:10:03+00:00,ETHUSDT,1782.5,0.233,DOWN,-0.597
2026-07-13T11:10:03+00:00,SOLUSDT,76.42,0.768,UP,0.599
2026-07-13T11:10:03+00:00,XRPUSDT,1.07995,0.236,DOWN,-0.588
2026-07-13T11:20:05+00:00,BTCUSDT,62952.0,0.231,DOWN,-0.602
2026-07-13T11:20:05+00:00,ETHUSDT,1778.3,0.233,DOWN,-0.596
2026-07-13T11:20:05+00:00,SOLUSDT,76.29,0.774,UP,0.616
2026-07-13T11:20:05+00:00,XRPUSDT,1.079,0.236,DOWN,-0.588
2026-07-13T11:30:07+00:00,BTCUSDT,62959.0,0.266,DOWN,-0.507
2026-07-13T11:30:07+00:00,ETHUSDT,1779.9,0.274,DOWN,-0.487
2026-07-13T11:30:07+00:00,SOLUSDT,76.37,0.736,UP,0.513
2026-07-13T11:30:07+00:00,XRPUSDT,1.07866,0.268,DOWN,-0.502
2026-07-13T11:40:10+00:00,BTCUSDT,62945.0,0.292,DOWN,-0.443
2026-07-13T11:40:10+00:00,ETHUSDT,1781.0,0.303,DOWN,-0.416
2026-07-13T11:40:10+00:00,SOLUSDT,76.41,0.695,UP,0.411
2026-07-13T11:40:10+00:00,XRPUSDT,1.07799,0.296,DOWN,-0.433
2026-07-13T11:50:12+00:00,BTCUSDT,62901.0,0.324,DOWN,-0.369
2026-07-13T11:50:12+00:00,ETHUSDT,1781.7,0.34,DOWN,-0.332
2026-07-13T11:50:12+00:00,SOLUSDT,76.46,0.671,UP,0.357
2026-07-13T11:50:12+00:00,XRPUSDT,1.07812,0.328,DOWN,-0.358
2026-07-13T12:00:15+00:00,BTCUSDT,62850.0,0.264,DOWN,-0.512
2026-07-13T12:00:15+00:00,ETHUSDT,1778.9,0.727,UP,0.49
2026-07-13T12:00:15+00:00,SOLUSDT,76.29,0.231,DOWN,-0.602
2026-07-13T12:00:15+00:00,XRPUSDT,1.07684,0.765,UP,0.59
2026-07-13T12:10:17+00:00,BTCUSDT,62809.0,0.3,DOWN,-0.425
2026-07-13T12:10:17+00:00,ETHUSDT,1778.3,0.708,UP,0.444
2026-07-13T12:10:17+00:00,SOLUSDT,76.02,0.238,DOWN,-0.581
2026-07-13T12:10:17+00:00,XRPUSDT,1.07673,0.735,UP,0.509
2026-07-13T12:20:20+00:00,BTCUSDT,62786.0,0.318,DOWN,-0.383
2026-07-13T12:20:20+00:00,ETHUSDT,1779.6,0.687,UP,0.392
2026-07-13T12:20:20+00:00,SOLUSDT,76.1,0.274,DOWN,-0.488
2026-07-13T12:20:20+00:00,XRPUSDT,1.07705,0.702,UP,0.429
2026-07-13T12:30:22+00:00,BTCUSDT,62722.0,0.343,DOWN,-0.326
2026-07-13T12:30:22+00:00,ETHUSDT,1776.2,0.665,UP,0.343
2026-07-13T12:30:22+00:00,SOLUSDT,75.95,0.303,DOWN,-0.416
2026-07-13T12:30:22+00:00,XRPUSDT,1.07517,0.677,UP,0.369
2026-07-13T12:40:25+00:00,BTCUSDT,62564.0,0.352,DOWN,-0.305
2026-07-13T12:40:25+00:00,ETHUSDT,1768.7,0.647,UP,0.303
2026-07-13T12:40:25+00:00,SOLUSDT,75.74,0.33,DOWN,-0.354
2026-07-13T12:40:25+00:00,XRPUSDT,1.0709,0.647,UP,0.304
2026-07-13T12:50:28+00:00,BTCUSDT,62581.0,0.381,DOWN,-0.242
2026-07-13T12:50:28+00:00,ETHUSDT,1770.0,0.632,UP,0.27
2026-07-13T12:50:28+00:00,SOLUSDT,75.86,0.351,DOWN,-0.307
2026-07-13T12:50:28+00:00,XRPUSDT,1.07188,0.631,UP,0.268
2026-07-13T13:00:30+00:00,BTCUSDT,62581.0,0.616,UP,0.237
2026-07-13T13:00:30+00:00,ETHUSDT,1770.7,0.767,UP,0.595
2026-07-13T13:00:30+00:00,SOLUSDT,75.82,0.244,DOWN,-0.565
2026-07-13T13:00:30+00:00,XRPUSDT,1.07281,0.766,UP,0.593
2026-07-13T13:10:33+00:00,BTCUSDT,62499.0,0.627,UP,0.259
2026-07-13T13:10:33+00:00,ETHUSDT,1769.0,0.747,UP,0.542
2026-07-13T13:10:33+00:00,SOLUSDT,75.74,0.287,DOWN,-0.456
2026-07-13T13:10:33+00:00,XRPUSDT,1.07189,0.735,UP,0.511
2026-07-13T13:20:36+00:00,BTCUSDT,62360.0,0.621,UP,0.248
2026-07-13T13:20:36+00:00,ETHUSDT,1764.1,0.689,UP,0.399
2026-07-13T13:20:36+00:00,SOLUSDT,75.48,0.298,DOWN,-0.427
2026-07-13T13:20:36+00:00,XRPUSDT,1.06733,0.688,UP,0.396
2026-07-13T13:30:38+00:00,BTCUSDT,62520.0,0.642,UP,0.292
2026-07-13T13:30:38+00:00,ETHUSDT,1768.0,0.663,UP,0.339
2026-07-13T13:30:38+00:00,SOLUSDT,75.59,0.322,DOWN,-0.372
2026-07-13T13:30:38+00:00,XRPUSDT,1.06992,0.665,UP,0.344
2026-07-13T13:40:41+00:00,AAPL,321.315,0.554,UP,0.109
2026-07-13T13:40:41+00:00,BTCUSDT,62527.0,0.63,UP,0.267
2026-07-13T13:40:41+00:00,ETHUSDT,1770.3,0.664,UP,0.34
2026-07-13T13:40:41+00:00,SOLUSDT,75.61,0.343,DOWN,-0.324
2026-07-13T13:40:41+00:00,XRPUSDT,1.07018,0.649,UP,0.307
2026-07-13T13:50:44+00:00,AAPL,323.15,0.568,UP,0.138
2026-07-13T13:50:44+00:00,BTCUSDT,62304.0,0.649,UP,0.308
2026-07-13T13:50:44+00:00,ETHUSDT,1767.2,0.65,UP,0.31
2026-07-13T13:50:44+00:00,SOLUSDT,75.29,0.354,DOWN,-0.301
2026-07-13T13:50:44+00:00,XRPUSDT,1.06831,0.643,UP,0.295
2026-07-13T14:00:47+00:00,BTCUSDT,62318.0,0.673,UP,0.36
2026-07-13T14:00:47+00:00,ETHUSDT,1772.0,0.34,DOWN,-0.333
2026-07-13T14:00:47+00:00,SOLUSDT,75.58,0.384,DOWN,-0.236
2026-07-13T14:00:47+00:00,XRPUSDT,1.0684,0.672,UP,0.359
2026-07-13T14:10:50+00:00,BTCUSDT,62274.0,0.649,UP,0.307
2026-07-13T14:10:50+00:00,ETHUSDT,1766.9,0.346,DOWN,-0.319
2026-07-13T14:10:50+00:00,SOLUSDT,75.56,0.41,DOWN,-0.182
2026-07-13T14:10:50+00:00,XRPUSDT,1.06975,0.656,UP,0.323
2026-07-13T14:20:53+00:00,BTCUSDT,62366.0,0.624,UP,0.254
2026-07-13T14:20:53+00:00,ETHUSDT,1766.2,0.357,DOWN,-0.294
2026-07-13T14:20:53+00:00,SOLUSDT,75.77,0.419,DOWN,-0.163
2026-07-13T14:20:53+00:00,XRPUSDT,1.07298,0.642,UP,0.292
2026-07-13T14:30:55+00:00,BTCUSDT,62546.0,0.62,UP,0.245
2026-07-13T14:30:55+00:00,ETHUSDT,1771.4,0.343,DOWN,-0.326
2026-07-13T14:30:55+00:00,SOLUSDT,75.87,0.428,DOWN,-0.145
2026-07-13T14:30:55+00:00,XRPUSDT,1.0738,0.627,UP,0.26
2026-07-13T14:40:58+00:00,BTCUSDT,62569.0,0.621,UP,0.246
2026-07-13T14:40:58+00:00,ETHUSDT,1773.0,0.362,DOWN,-0.283
2026-07-13T14:40:58+00:00,XRPUSDT,1.07368,0.616,UP,0.237
2026-07-13T14:51:00+00:00,BTCUSDT,62617.0,0.67,UP,0.353
2026-07-13T14:51:00+00:00,ETHUSDT,1775.0,0.37,DOWN,-0.267
2026-07-13T14:51:00+00:00,SOLUSDT,75.97,0.722,UP,0.477
2026-07-13T14:51:00+00:00,XRPUSDT,1.07578,0.653,UP,0.315
2026-07-13T15:01:03+00:00,BTCUSDT,62796.0,0.243,DOWN,-0.568
2026-07-13T15:01:03+00:00,ETHUSDT,1780.9,0.229,DOWN,-0.607
2026-07-13T15:01:03+00:00,SOLUSDT,76.2,0.242,DOWN,-0.571
2026-07-13T15:01:03+00:00,XRPUSDT,1.07731,0.24,DOWN,-0.577
2026-07-13T15:21:24+00:00,BTCUSDT,62794.0,0.241,DOWN,-0.573
2026-07-13T15:21:24+00:00,ETHUSDT,1780.9,0.258,DOWN,-0.529
2026-07-13T15:21:24+00:00,SOLUSDT,76.11,0.232,DOWN,-0.597
2026-07-13T15:21:24+00:00,XRPUSDT,1.07822,0.242,DOWN,-0.571
2026-07-13T15:31:27+00:00,BTCUSDT,62768.0,0.269,DOWN,-0.5
2026-07-13T15:31:27+00:00,ETHUSDT,1780.6,0.296,DOWN,-0.432
2026-07-13T15:31:27+00:00,SOLUSDT,76.14,0.263,DOWN,-0.516
2026-07-13T15:31:27+00:00,XRPUSDT,1.07754,0.267,DOWN,-0.506
2026-07-13T15:41:30+00:00,BTCUSDT,62567.0,0.294,DOWN,-0.439
2026-07-13T15:41:30+00:00,ETHUSDT,1776.9,0.308,DOWN,-0.405
2026-07-13T15:41:30+00:00,SOLUSDT,75.81,0.287,DOWN,-0.454
2026-07-13T15:41:30+00:00,XRPUSDT,1.07437,0.291,DOWN,-0.445
2026-07-13T15:51:34+00:00,BTCUSDT,62587.0,0.325,DOWN,-0.366
2026-07-13T15:51:34+00:00,ETHUSDT,1776.5,0.338,DOWN,-0.337
2026-07-13T15:51:34+00:00,SOLUSDT,75.79,0.312,DOWN,-0.395
2026-07-13T15:51:34+00:00,XRPUSDT,1.07342,0.319,DOWN,-0.378
2026-07-13T16:01:37+00:00,BTCUSDT,62513.0,0.628,UP,0.262
2026-07-13T16:01:37+00:00,SOLUSDT,75.73,0.597,UP,0.197
2026-07-13T16:11:40+00:00,BTCUSDT,62527.0,0.631,UP,0.268
2026-07-13T16:11:40+00:00,SOLUSDT,75.88,0.625,UP,0.255
2026-07-13T16:21:43+00:00,BTCUSDT,62292.0,0.614,UP,0.233
2026-07-13T16:21:43+00:00,SOLUSDT,75.55,0.599,UP,0.2
2026-07-13T16:31:46+00:00,BTCUSDT,62228.0,0.616,UP,0.237
2026-07-13T16:31:46+00:00,SOLUSDT,75.36,0.594,UP,0.191
2026-07-13T16:41:49+00:00,BTCUSDT,62298.0,0.614,UP,0.233
2026-07-13T16:41:49+00:00,SOLUSDT,75.3,0.596,UP,0.194
2026-07-13T16:41:49+00:00,XRPUSDT,1.06823,0.552,UP,0.104
2026-07-13T16:51:53+00:00,BTCUSDT,62235.0,0.632,UP,0.27
2026-07-13T16:51:53+00:00,ETHUSDT,1769.8,0.584,UP,0.17
2026-07-13T16:51:53+00:00,SOLUSDT,75.21,0.613,UP,0.23
2026-07-13T16:51:53+00:00,XRPUSDT,1.06768,0.587,UP,0.175
2026-07-13T17:01:56+00:00,BTCUSDT,62282.0,0.554,UP,0.108
2026-07-13T17:01:56+00:00,ETHUSDT,1773.3,0.231,DOWN,-0.602
2026-07-13T17:01:56+00:00,SOLUSDT,75.34,0.773,UP,0.611
2026-07-13T17:01:56+00:00,XRPUSDT,1.06951,0.713,UP,0.456
2026-07-13T17:12:00+00:00,BTCUSDT,62244.0,0.558,UP,0.116
2026-07-13T17:12:00+00:00,ETHUSDT,1772.4,0.258,DOWN,-0.528
2026-07-13T17:12:00+00:00,SOLUSDT,75.32,0.749,UP,0.546
2026-07-13T17:12:00+00:00,XRPUSDT,1.06957,0.682,UP,0.38
2026-07-13T17:22:03+00:00,ETHUSDT,1771.8,0.294,DOWN,-0.437
2026-07-13T17:22:03+00:00,SOLUSDT,75.31,0.711,UP,0.451
2026-07-13T17:22:03+00:00,XRPUSDT,1.06759,0.655,UP,0.321
2026-07-13T17:32:06+00:00,ETHUSDT,1769.0,0.305,DOWN,-0.411
2026-07-13T17:32:06+00:00,SOLUSDT,75.21,0.676,UP,0.367
2026-07-13T17:32:06+00:00,XRPUSDT,1.06555,0.626,UP,0.259
2026-07-13T17:42:09+00:00,ETHUSDT,1766.7,0.32,DOWN,-0.378
2026-07-13T17:42:09+00:00,SOLUSDT,75.04,0.649,UP,0.308
2026-07-13T17:42:09+00:00,XRPUSDT,1.06229,0.605,UP,0.213
2026-07-13T17:52:12+00:00,BTCUSDT,61932.0,0.343,DOWN,-0.324
2026-07-13T17:52:12+00:00,ETHUSDT,1757.7,0.32,DOWN,-0.378
2026-07-13T17:52:12+00:00,SOLUSDT,74.76,0.627,UP,0.26
2026-07-13T17:52:12+00:00,XRPUSDT,1.06007,0.625,UP,0.255
2026-07-13T18:02:17+00:00,BTCUSDT,61874.0,0.382,DOWN,-0.242
2026-07-13T18:02:17+00:00,ETHUSDT,1755.8,0.243,DOWN,-0.567
2026-07-13T18:02:17+00:00,SOLUSDT,74.63,0.636,UP,0.279
2026-07-13T18:02:17+00:00,XRPUSDT,1.05972,0.434,DOWN,-0.132
2026-07-13T18:12:20+00:00,BTCUSDT,61874.0,0.401,DOWN,-0.2
2026-07-13T18:12:20+00:00,ETHUSDT,1752.8,0.285,DOWN,-0.46
2026-07-13T18:12:20+00:00,SOLUSDT,74.57,0.619,UP,0.243
2026-07-13T18:12:20+00:00,XRPUSDT,1.05724,0.426,DOWN,-0.148
2026-07-13T18:22:23+00:00,BTCUSDT,61842.0,0.422,DOWN,-0.157
2026-07-13T18:22:23+00:00,ETHUSDT,1753.9,0.304,DOWN,-0.413
2026-07-13T18:22:23+00:00,SOLUSDT,74.72,0.616,UP,0.236
2026-07-13T18:22:23+00:00,XRPUSDT,1.05844,0.422,DOWN,-0.158
2026-07-13T18:32:26+00:00,BTCUSDT,61897.0,0.45,DOWN,-0.101
2026-07-13T18:32:26+00:00,ETHUSDT,1757.5,0.38,DOWN,-0.245
2026-07-13T18:32:26+00:00,SOLUSDT,74.8,0.597,UP,0.196
2026-07-13T18:32:26+00:00,XRPUSDT,1.05865,0.407,DOWN,-0.189
2026-07-13T18:42:30+00:00,ETHUSDT,1759.8,0.393,DOWN,-0.216
2026-07-13T18:42:30+00:00,SOLUSDT,74.78,0.584,UP,0.169
2026-07-13T18:42:30+00:00,XRPUSDT,1.0584,0.388,DOWN,-0.227
2026-07-13T18:52:33+00:00,BTCUSDT,62012.0,0.678,UP,0.372
2026-07-13T18:52:33+00:00,ETHUSDT,1765.3,0.355,DOWN,-0.298
2026-07-13T18:52:33+00:00,SOLUSDT,74.96,0.65,UP,0.31
2026-07-13T18:52:33+00:00,XRPUSDT,1.06192,0.364,DOWN,-0.279
2026-07-13T19:02:35+00:00,BTCUSDT,61959.0,0.232,DOWN,-0.598
2026-07-13T19:02:35+00:00,ETHUSDT,1763.8,0.237,DOWN,-0.585
2026-07-13T19:02:35+00:00,SOLUSDT,74.82,0.232,DOWN,-0.598
2026-07-13T19:02:35+00:00,XRPUSDT,1.06022,0.268,DOWN,-0.502
2026-07-13T19:12:39+00:00,BTCUSDT,62004.0,0.234,DOWN,-0.594
2026-07-13T19:12:39+00:00,ETHUSDT,1764.3,0.251,DOWN,-0.547
2026-07-13T19:12:39+00:00,SOLUSDT,74.81,0.232,DOWN,-0.598
2026-07-13T19:12:39+00:00,XRPUSDT,1.06096,0.306,DOWN,-0.41
2026-07-13T19:22:42+00:00,BTCUSDT,61942.0,0.26,DOWN,-0.524
2026-07-13T19:22:42+00:00,ETHUSDT,1763.1,0.248,DOWN,-0.554
2026-07-13T19:22:42+00:00,SOLUSDT,74.71,0.257,DOWN,-0.53
2026-07-13T19:22:42+00:00,XRPUSDT,1.06178,0.326,DOWN,-0.364
2026-07-13T19:32:45+00:00,BTCUSDT,62046.0,0.301,DOWN,-0.421
2026-07-13T19:32:45+00:00,ETHUSDT,1767.4,0.303,DOWN,-0.417
2026-07-13T19:32:45+00:00,SOLUSDT,74.87,0.3,DOWN,-0.424
2026-07-13T19:32:45+00:00,XRPUSDT,1.06172,0.349,DOWN,-0.311
2026-07-13T19:42:48+00:00,BTCUSDT,62101.0,0.332,DOWN,-0.349
2026-07-13T19:42:48+00:00,ETHUSDT,1769.5,0.344,DOWN,-0.324
2026-07-13T19:42:48+00:00,SOLUSDT,74.93,0.33,DOWN,-0.353
2026-07-13T19:42:48+00:00,XRPUSDT,1.06468,0.371,DOWN,-0.265
2026-07-13T19:52:51+00:00,BTCUSDT,62186.0,0.366,DOWN,-0.275
2026-07-13T19:52:51+00:00,ETHUSDT,1771.4,0.375,DOWN,-0.254
2026-07-13T19:52:51+00:00,SOLUSDT,75.03,0.366,DOWN,-0.274
2026-07-13T19:52:51+00:00,XRPUSDT,1.06689,0.371,DOWN,-0.265
2026-07-13T20:03:09+00:00,XRPUSDT,1.06571,0.776,UP,0.622
2026-07-13T20:13:13+00:00,XRPUSDT,1.06426,0.767,UP,0.596
2026-07-13T20:23:16+00:00,XRPUSDT,1.0612,0.713,UP,0.456
2026-07-13T20:33:19+00:00,XRPUSDT,1.06186,0.682,UP,0.382
2026-07-13T20:43:22+00:00,BTCUSDT,62193.0,0.566,UP,0.134
2026-07-13T20:43:22+00:00,SOLUSDT,74.8,0.572,UP,0.146
2026-07-13T20:43:22+00:00,XRPUSDT,1.06141,0.658,UP,0.327
2026-07-13T20:53:25+00:00,BTCUSDT,62087.0,0.639,UP,0.284
2026-07-13T20:53:25+00:00,ETHUSDT,1764.3,0.642,UP,0.292
2026-07-13T20:53:25+00:00,SOLUSDT,74.67,0.638,UP,0.284
2026-07-13T20:53:25+00:00,XRPUSDT,1.06002,0.641,UP,0.29
2026-07-13T21:03:28+00:00,BTCUSDT,62109.0,0.765,UP,0.589
2026-07-13T21:03:28+00:00,ETHUSDT,1762.9,0.764,UP,0.589
2026-07-13T21:03:28+00:00,SOLUSDT,74.65,0.762,UP,0.583
2026-07-13T21:03:28+00:00,XRPUSDT,1.05997,0.595,UP,0.193
2026-07-13T21:13:31+00:00,BTCUSDT,62018.0,0.761,UP,0.58
2026-07-13T21:13:31+00:00,ETHUSDT,1760.5,0.767,UP,0.596
2026-07-13T21:13:31+00:00,SOLUSDT,74.4,0.758,UP,0.57
2026-07-13T21:13:31+00:00,XRPUSDT,1.05941,0.577,UP,0.156
2026-07-13T21:23:34+00:00,BTCUSDT,62075.0,0.736,UP,0.513
2026-07-13T21:23:34+00:00,ETHUSDT,1761.8,0.739,UP,0.522
2026-07-13T21:23:34+00:00,SOLUSDT,74.52,0.721,UP,0.475
2026-07-13T21:23:34+00:00,XRPUSDT,1.05921,0.558,UP,0.117
2026-07-13T21:33:37+00:00,BTCUSDT,61993.0,0.695,UP,0.413
2026-07-13T21:33:37+00:00,ETHUSDT,1757.0,0.697,UP,0.416
2026-07-13T21:33:37+00:00,SOLUSDT,74.42,0.686,UP,0.391
2026-07-13T21:43:40+00:00,BTCUSDT,61870.0,0.661,UP,0.333
2026-07-13T21:43:40+00:00,ETHUSDT,1752.4,0.653,UP,0.317
2026-07-13T21:43:40+00:00,SOLUSDT,74.2,0.66,UP,0.331
2026-07-13T21:53:42+00:00,BTCUSDT,61986.0,0.641,UP,0.289
2026-07-13T21:53:42+00:00,ETHUSDT,1758.1,0.637,UP,0.282
2026-07-13T21:53:42+00:00,SOLUSDT,74.29,0.639,UP,0.284
2026-07-13T21:53:42+00:00,XRPUSDT,1.05728,0.349,DOWN,-0.311
2026-07-13T22:03:45+00:00,BTCUSDT,62118.0,0.717,UP,0.466
2026-07-13T22:03:45+00:00,SOLUSDT,74.56,0.602,UP,0.207
2026-07-13T22:03:45+00:00,XRPUSDT,1.06169,0.779,UP,0.63
2026-07-13T22:13:48+00:00,BTCUSDT,62125.0,0.69,UP,0.401
2026-07-13T22:13:48+00:00,SOLUSDT,74.57,0.593,UP,0.187
2026-07-13T22:13:48+00:00,XRPUSDT,1.06091,0.777,UP,0.624
2026-07-13T22:23:51+00:00,BTCUSDT,62105.0,0.663,UP,0.338
2026-07-13T22:23:51+00:00,SOLUSDT,74.62,0.573,UP,0.147
2026-07-13T22:23:51+00:00,XRPUSDT,1.06081,0.745,UP,0.537
2026-07-13T22:33:54+00:00,BTCUSDT,62001.0,0.629,UP,0.264
2026-07-13T22:33:54+00:00,ETHUSDT,1761.2,0.432,DOWN,-0.137
2026-07-13T22:33:54+00:00,XRPUSDT,1.05907,0.693,UP,0.407
2026-07-13T22:43:57+00:00,BTCUSDT,61997.0,0.617,UP,0.238
2026-07-13T22:43:57+00:00,ETHUSDT,1762.4,0.393,DOWN,-0.216
2026-07-13T22:43:57+00:00,XRPUSDT,1.05936,0.665,UP,0.343
2026-07-13T22:54:00+00:00,BTCUSDT,61929.0,0.637,UP,0.282
2026-07-13T22:54:00+00:00,ETHUSDT,1758.1,0.344,DOWN,-0.322
2026-07-13T22:54:00+00:00,SOLUSDT,74.47,0.354,DOWN,-0.3
2026-07-13T22:54:00+00:00,XRPUSDT,1.05879,0.64,UP,0.287
2026-07-13T23:04:02+00:00,SOLUSDT,74.38,0.232,DOWN,-0.598
2026-07-13T23:04:02+00:00,XRPUSDT,1.05692,0.614,UP,0.233
2026-07-13T23:14:05+00:00,SOLUSDT,74.49,0.231,DOWN,-0.601
2026-07-13T23:14:05+00:00,XRPUSDT,1.06032,0.599,UP,0.202
2026-07-13T23:24:08+00:00,ETHUSDT,1764.8,0.561,UP,0.122
2026-07-13T23:24:08+00:00,SOLUSDT,74.7,0.276,DOWN,-0.481
2026-07-13T23:24:08+00:00,XRPUSDT,1.064,0.591,UP,0.185
2026-07-13T23:34:11+00:00,ETHUSDT,1764.6,0.59,UP,0.181
2026-07-13T23:34:11+00:00,SOLUSDT,74.67,0.315,DOWN,-0.387
2026-07-13T23:34:11+00:00,XRPUSDT,1.06418,0.579,UP,0.159
2026-07-13T23:44:14+00:00,BTCUSDT,62042.0,0.422,DOWN,-0.157
2026-07-13T23:44:14+00:00,ETHUSDT,1765.5,0.615,UP,0.235
2026-07-13T23:44:14+00:00,SOLUSDT,74.62,0.337,DOWN,-0.338
2026-07-13T23:54:16+00:00,BTCUSDT,62232.0,0.36,DOWN,-0.287
2026-07-13T23:54:16+00:00,ETHUSDT,1773.9,0.669,UP,0.352
2026-07-13T23:54:16+00:00,SOLUSDT,74.89,0.358,DOWN,-0.293
2026-07-13T23:54:16+00:00,XRPUSDT,1.06562,0.333,DOWN,-0.346
2026-07-14T00:04:19+00:00,BTCUSDT,62246.0,0.37,DOWN,-0.267
2026-07-14T00:04:19+00:00,ETHUSDT,1773.3,0.267,DOWN,-0.504
2026-07-14T00:04:19+00:00,SOLUSDT,74.84,0.236,DOWN,-0.588
2026-07-14T00:04:19+00:00,XRPUSDT,1.06609,0.235,DOWN,-0.591
2026-07-14T00:14:22+00:00,BTCUSDT,62401.0,0.403,DOWN,-0.197
2026-07-14T00:14:22+00:00,ETHUSDT,1778.5,0.313,DOWN,-0.393
2026-07-14T00:14:22+00:00,SOLUSDT,75.12,0.27,DOWN,-0.497
2026-07-14T00:14:22+00:00,XRPUSDT,1.0667,0.238,DOWN,-0.583
2026-07-14T00:24:25+00:00,BTCUSDT,62288.0,0.408,DOWN,-0.187
2026-07-14T00:24:25+00:00,ETHUSDT,1776.3,0.319,DOWN,-0.379
2026-07-14T00:24:25+00:00,SOLUSDT,75.06,0.298,DOWN,-0.428
2026-07-14T00:24:25+00:00,XRPUSDT,1.06546,0.261,DOWN,-0.52
2026-07-14T00:34:27+00:00,BTCUSDT,62340.0,0.428,DOWN,-0.146
2026-07-14T00:34:27+00:00,ETHUSDT,1780.5,0.352,DOWN,-0.305
2026-07-14T00:34:27+00:00,SOLUSDT,75.15,0.33,DOWN,-0.355
2026-07-14T00:34:27+00:00,XRPUSDT,1.06707,0.301,DOWN,-0.421
2026-07-14T00:44:30+00:00,BTCUSDT,62238.0,0.434,DOWN,-0.133
2026-07-14T00:44:30+00:00,ETHUSDT,1777.1,0.334,DOWN,-0.346
2026-07-14T00:44:30+00:00,SOLUSDT,74.96,0.337,DOWN,-0.339
2026-07-14T00:44:30+00:00,XRPUSDT,1.0636,0.323,DOWN,-0.371
2026-07-14T00:54:50+00:00,BTCUSDT,62357.0,0.368,DOWN,-0.27
2026-07-14T00:54:50+00:00,ETHUSDT,1781.9,0.37,DOWN,-0.265
2026-07-14T00:54:50+00:00,SOLUSDT,75.24,0.359,DOWN,-0.29
2026-07-14T00:54:50+00:00,XRPUSDT,1.06717,0.358,DOWN,-0.292
2026-07-14T01:04:53+00:00,BTCUSDT,62424.0,0.779,UP,0.63
2026-07-14T01:04:53+00:00,ETHUSDT,1782.9,0.706,UP,0.438
2026-07-14T01:04:53+00:00,SOLUSDT,75.34,0.238,DOWN,-0.582
2026-07-14T01:04:53+00:00,XRPUSDT,1.06826,0.303,DOWN,-0.418
2026-07-14T01:14:55+00:00,BTCUSDT,62416.0,0.783,UP,0.64
2026-07-14T01:14:55+00:00,ETHUSDT,1783.7,0.698,UP,0.418
2026-07-14T01:14:55+00:00,SOLUSDT,75.27,0.241,DOWN,-0.573
2026-07-14T01:14:55+00:00,XRPUSDT,1.06744,0.338,DOWN,-0.337
2026-07-14T01:24:58+00:00,BTCUSDT,62560.0,0.755,UP,0.562
2026-07-14T01:24:58+00:00,ETHUSDT,1790.7,0.682,UP,0.382
2026-07-14T01:24:58+00:00,SOLUSDT,75.45,0.283,DOWN,-0.465
2026-07-14T01:24:58+00:00,XRPUSDT,1.0692,0.355,DOWN,-0.298
2026-07-14T01:35:00+00:00,BTCUSDT,62453.0,0.702,UP,0.429
2026-07-14T01:35:00+00:00,ETHUSDT,1784.0,0.664,UP,0.34
2026-07-14T01:35:00+00:00,SOLUSDT,75.18,0.303,DOWN,-0.418
2026-07-14T01:35:00+00:00,XRPUSDT,1.06641,0.366,DOWN,-0.276
2026-07-14T01:45:03+00:00,BTCUSDT,62434.0,0.672,UP,0.359
2026-07-14T01:45:03+00:00,ETHUSDT,1782.5,0.656,UP,0.322
2026-07-14T01:45:03+00:00,SOLUSDT,75.2,0.331,DOWN,-0.353
2026-07-14T01:45:03+00:00,XRPUSDT,1.06504,0.376,DOWN,-0.254
2026-07-14T01:55:06+00:00,BTCUSDT,62456.0,0.639,UP,0.286
2026-07-14T01:55:06+00:00,ETHUSDT,1782.9,0.628,UP,0.262
2026-07-14T01:55:06+00:00,SOLUSDT,75.26,0.347,DOWN,-0.317
2026-07-14T01:55:06+00:00,XRPUSDT,1.06502,0.342,DOWN,-0.326
2026-07-14T02:05:08+00:00,BTCUSDT,62464.0,0.769,UP,0.603
2026-07-14T02:05:08+00:00,ETHUSDT,1783.8,0.767,UP,0.597
2026-07-14T02:05:08+00:00,SOLUSDT,75.21,0.654,UP,0.318
2026-07-14T02:05:08+00:00,XRPUSDT,1.06483,0.765,UP,0.591
2026-07-14T02:15:11+00:00,BTCUSDT,62415.0,0.768,UP,0.598
2026-07-14T02:15:11+00:00,ETHUSDT,1781.2,0.732,UP,0.503
2026-07-14T02:15:11+00:00,SOLUSDT,75.07,0.646,UP,0.301
2026-07-14T02:15:11+00:00,XRPUSDT,1.0657,0.77,UP,0.604
2026-07-14T02:25:13+00:00,BTCUSDT,62318.0,0.73,UP,0.496
2026-07-14T02:25:13+00:00,ETHUSDT,1777.2,0.685,UP,0.389
2026-07-14T02:25:13+00:00,SOLUSDT,74.95,0.639,UP,0.286
2026-07-14T02:25:13+00:00,XRPUSDT,1.0634,0.729,UP,0.495
2026-07-14T02:35:16+00:00,BTCUSDT,62339.0,0.692,UP,0.406
2026-07-14T02:35:16+00:00,ETHUSDT,1776.3,0.659,UP,0.329
2026-07-14T02:35:16+00:00,SOLUSDT,74.87,0.637,UP,0.282
2026-07-14T02:35:16+00:00,XRPUSDT,1.06201,0.691,UP,0.402
2026-07-14T02:45:19+00:00,BTCUSDT,62516.0,0.674,UP,0.364
2026-07-14T02:45:19+00:00,ETHUSDT,1782.7,0.662,UP,0.336
2026-07-14T02:45:19+00:00,SOLUSDT,75.14,0.648,UP,0.306
2026-07-14T02:45:19+00:00,XRPUSDT,1.06609,0.669,UP,0.353
2026-07-14T02:55:21+00:00,BTCUSDT,62467.0,0.653,UP,0.315
2026-07-14T02:55:21+00:00,ETHUSDT,1780.2,0.648,UP,0.304
2026-07-14T02:55:21+00:00,SOLUSDT,75.02,0.648,UP,0.304
2026-07-14T02:55:21+00:00,XRPUSDT,1.0659,0.652,UP,0.313
2026-07-14T03:05:24+00:00,BTCUSDT,62470.0,0.661,UP,0.335
2026-07-14T03:05:24+00:00,ETHUSDT,1779.5,0.772,UP,0.61
2026-07-14T03:05:24+00:00,SOLUSDT,74.95,0.611,UP,0.226
2026-07-14T03:05:24+00:00,XRPUSDT,1.06568,0.697,UP,0.417
2026-07-14T03:15:27+00:00,BTCUSDT,62321.0,0.624,UP,0.253
2026-07-14T03:15:27+00:00,ETHUSDT,1774.1,0.729,UP,0.494
2026-07-14T03:15:27+00:00,SOLUSDT,74.65,0.57,UP,0.141
2026-07-14T03:15:27+00:00,XRPUSDT,1.06101,0.649,UP,0.308
2026-07-14T03:25:30+00:00,BTCUSDT,62310.0,0.607,UP,0.217
2026-07-14T03:25:30+00:00,ETHUSDT,1775.0,0.698,UP,0.418
2026-07-14T03:25:30+00:00,SOLUSDT,74.59,0.555,UP,0.109
2026-07-14T03:25:30+00:00,XRPUSDT,1.06074,0.628,UP,0.261
2026-07-14T03:35:32+00:00,BTCUSDT,62407.0,0.594,UP,0.19
2026-07-14T03:35:32+00:00,ETHUSDT,1778.5,0.676,UP,0.367
2026-07-14T03:35:32+00:00,XRPUSDT,1.06353,0.617,UP,0.238
2026-07-14T03:45:35+00:00,BTCUSDT,62403.0,0.582,UP,0.165
2026-07-14T03:45:35+00:00,ETHUSDT,1778.6,0.664,UP,0.34
2026-07-14T03:45:35+00:00,XRPUSDT,1.06405,0.617,UP,0.238
2026-07-14T03:55:37+00:00,BTCUSDT,62491.0,0.649,UP,0.308
2026-07-14T03:55:37+00:00,ETHUSDT,1781.0,0.656,UP,0.323
2026-07-14T03:55:37+00:00,SOLUSDT,75.03,0.363,DOWN,-0.282
2026-07-14T03:55:37+00:00,XRPUSDT,1.0646,0.655,UP,0.32
2026-07-14T04:05:40+00:00,SOLUSDT,75.25,0.245,DOWN,-0.562
2026-07-14T04:05:40+00:00,XRPUSDT,1.06551,0.683,UP,0.385
2026-07-14T04:15:43+00:00,SOLUSDT,75.04,0.257,DOWN,-0.53
2026-07-14T04:15:43+00:00,XRPUSDT,1.06368,0.654,UP,0.318
2026-07-14T04:25:46+00:00,SOLUSDT,75.1,0.293,DOWN,-0.439
2026-07-14T04:25:46+00:00,XRPUSDT,1.06555,0.635,UP,0.277
2026-07-14T04:35:49+00:00,SOLUSDT,75.15,0.317,DOWN,-0.384
2026-07-14T04:35:49+00:00,XRPUSDT,1.06614,0.616,UP,0.235
2026-07-14T04:45:51+00:00,BTCUSDT,62649.0,0.437,DOWN,-0.127
2026-07-14T04:45:51+00:00,ETHUSDT,1784.0,0.445,DOWN,-0.111
2026-07-14T04:45:51+00:00,SOLUSDT,75.11,0.342,DOWN,-0.328
2026-07-14T04:45:51+00:00,XRPUSDT,1.06777,0.61,UP,0.223
2026-07-14T04:55:54+00:00,BTCUSDT,62668.0,0.354,DOWN,-0.302
2026-07-14T04:55:54+00:00,ETHUSDT,1784.3,0.351,DOWN,-0.307
2026-07-14T04:55:54+00:00,SOLUSDT,75.17,0.355,DOWN,-0.299
2026-07-14T04:55:54+00:00,XRPUSDT,1.0672,0.645,UP,0.299
2026-07-14T05:05:56+00:00,BTCUSDT,62680.0,0.231,DOWN,-0.6
2026-07-14T05:05:56+00:00,ETHUSDT,1785.8,0.23,DOWN,-0.603
2026-07-14T05:05:56+00:00,SOLUSDT,75.16,0.232,DOWN,-0.598
2026-07-14T05:05:56+00:00,XRPUSDT,1.06869,0.242,DOWN,-0.572
2026-07-14T05:15:59+00:00,BTCUSDT,62750.0,0.235,DOWN,-0.59
2026-07-14T05:15:59+00:00,ETHUSDT,1787.1,0.272,DOWN,-0.492
2026-07-14T05:15:59+00:00,SOLUSDT,75.29,0.233,DOWN,-0.596
2026-07-14T05:15:59+00:00,XRPUSDT,1.06957,0.241,DOWN,-0.575
2026-07-14T05:26:02+00:00,BTCUSDT,62800.0,0.271,DOWN,-0.496
2026-07-14T05:26:02+00:00,ETHUSDT,1790.1,0.308,DOWN,-0.404
2026-07-14T05:26:02+00:00,SOLUSDT,75.4,0.264,DOWN,-0.513
2026-07-14T05:26:02+00:00,XRPUSDT,1.07138,0.277,DOWN,-0.479
2026-07-14T05:36:04+00:00,BTCUSDT,62758.0,0.307,DOWN,-0.408
2026-07-14T05:36:04+00:00,ETHUSDT,1788.5,0.299,DOWN,-0.425
2026-07-14T05:36:04+00:00,SOLUSDT,75.37,0.302,DOWN,-0.42
2026-07-14T05:36:04+00:00,XRPUSDT,1.07091,0.306,DOWN,-0.409
2026-07-14T05:56:28+00:00,BTCUSDT,62662.0,0.328,DOWN,-0.358
2026-07-14T05:56:28+00:00,ETHUSDT,1785.2,0.389,DOWN,-0.225
2026-07-14T05:56:28+00:00,SOLUSDT,75.34,0.33,DOWN,-0.354
2026-07-14T05:56:28+00:00,XRPUSDT,1.07055,0.331,DOWN,-0.353
2026-07-14T06:06:32+00:00,BTCUSDT,62596.0,0.226,DOWN,-0.616
2026-07-14T06:06:32+00:00,ETHUSDT,1782.8,0.258,DOWN,-0.529
2026-07-14T06:06:32+00:00,SOLUSDT,75.19,0.277,DOWN,-0.481
2026-07-14T06:06:32+00:00,XRPUSDT,1.06964,0.368,DOWN,-0.269
2026-07-14T06:16:35+00:00,BTCUSDT,62598.0,0.229,DOWN,-0.607
2026-07-14T06:16:35+00:00,ETHUSDT,1782.8,0.275,DOWN,-0.484
2026-07-14T06:16:35+00:00,SOLUSDT,75.19,0.309,DOWN,-0.403
2026-07-14T06:16:35+00:00,XRPUSDT,1.0692,0.388,DOWN,-0.228
2026-07-14T06:26:41+00:00,BTCUSDT,62626.0,0.271,DOWN,-0.494
2026-07-14T06:26:41+00:00,ETHUSDT,1784.0,0.303,DOWN,-0.416
2026-07-14T06:26:41+00:00,SOLUSDT,75.18,0.329,DOWN,-0.355
2026-07-14T06:26:41+00:00,XRPUSDT,1.06951,0.406,DOWN,-0.189
2026-07-14T06:36:44+00:00,BTCUSDT,62668.0,0.307,DOWN,-0.408
2026-07-14T06:36:44+00:00,ETHUSDT,1784.8,0.339,DOWN,-0.334
2026-07-14T06:36:44+00:00,SOLUSDT,75.22,0.386,DOWN,-0.233
2026-07-14T06:36:44+00:00,XRPUSDT,1.07019,0.431,DOWN,-0.14
2026-07-14T06:46:48+00:00,BTCUSDT,62593.0,0.334,DOWN,-0.346
2026-07-14T06:46:48+00:00,ETHUSDT,1781.9,0.348,DOWN,-0.313
2026-07-14T06:46:48+00:00,SOLUSDT,75.16,0.36,DOWN,-0.287
2026-07-14T06:46:48+00:00,XRPUSDT,1.0687,0.447,DOWN,-0.106
2026-07-14T06:56:51+00:00,BTCUSDT,62528.0,0.354,DOWN,-0.3
2026-07-14T06:56:51+00:00,ETHUSDT,1780.5,0.366,DOWN,-0.275
2026-07-14T06:56:51+00:00,SOLUSDT,75.06,0.375,DOWN,-0.256
2026-07-14T07:06:55+00:00,BTCUSDT,62530.0,0.405,DOWN,-0.193
2026-07-14T07:06:55+00:00,ETHUSDT,1779.8,0.282,DOWN,-0.466
2026-07-14T07:06:55+00:00,SOLUSDT,75.01,0.268,DOWN,-0.502
2026-07-14T07:06:55+00:00,XRPUSDT,1.0688,0.766,UP,0.592
2026-07-14T07:16:59+00:00,BTCUSDT,62513.0,0.425,DOWN,-0.151
2026-07-14T07:16:59+00:00,ETHUSDT,1780.4,0.32,DOWN,-0.377
2026-07-14T07:16:59+00:00,SOLUSDT,74.99,0.301,DOWN,-0.421
2026-07-14T07:16:59+00:00,XRPUSDT,1.06873,0.768,UP,0.599
2026-07-14T07:27:03+00:00,ETHUSDT,1783.4,0.348,DOWN,-0.313
2026-07-14T07:27:03+00:00,SOLUSDT,75.16,0.346,DOWN,-0.319
2026-07-14T07:27:03+00:00,XRPUSDT,1.0701,0.738,UP,0.519
2026-07-14T07:37:07+00:00,ETHUSDT,1780.2,0.401,DOWN,-0.2
2026-07-14T07:37:07+00:00,GOLD,4034.1,0.606,UP,0.216
2026-07-14T07:37:07+00:00,NIFTY,24089.55,0.617,UP,0.239
2026-07-14T07:37:07+00:00,RELIANCE,1302.7,0.654,UP,0.318
2026-07-14T07:37:07+00:00,SOLUSDT,75.05,0.422,DOWN,-0.157
2026-07-14T07:37:07+00:00,XRPUSDT,1.06845,0.635,UP,0.277
2026-07-14T07:47:10+00:00,BTCUSDT,62441.0,0.388,DOWN,-0.229
2026-07-14T07:47:10+00:00,ETHUSDT,1777.5,0.288,DOWN,-0.453
2026-07-14T07:47:10+00:00,EURUSD,1.1397,0.646,UP,0.301
2026-07-14T07:47:10+00:00,SOLUSDT,74.86,0.285,DOWN,-0.46
2026-07-14T07:57:14+00:00,ETHUSDT,1778.7,0.232,DOWN,-0.6
2026-07-14T07:57:14+00:00,EURUSD,1.1397,0.561,UP,0.123
2026-07-14T07:57:14+00:00,GOLD,4029.5,0.371,DOWN,-0.263
2026-07-14T07:57:14+00:00,NIFTY,24082.25,0.416,DOWN,-0.17
2026-07-14T07:57:14+00:00,RELIANCE,1300.6,0.376,DOWN,-0.254
2026-07-14T07:57:14+00:00,SENSEX,77189.09,0.61,UP,0.223
2026-07-14T07:57:14+00:00,SOLUSDT,74.91,0.224,DOWN,-0.62
2026-07-14T08:07:17+00:00,BTCUSDT,62488.0,0.201,DOWN,-0.69
2026-07-14T08:07:17+00:00,ETHUSDT,1779.4,0.24,DOWN,-0.575
2026-07-14T08:07:17+00:00,EURUSD,1.1399,0.655,UP,0.321
2026-07-14T08:07:17+00:00,GOLD,4029.0,0.336,DOWN,-0.341
2026-07-14T08:07:17+00:00,NIFTY,24071.3,0.376,DOWN,-0.253
2026-07-14T08:07:17+00:00,RELIANCE,1299.7,0.337,DOWN,-0.337
2026-07-14T08:07:17+00:00,SENSEX,77215.82,0.588,UP,0.177
2026-07-14T08:07:17+00:00,SOLUSDT,74.91,0.62,UP,0.245
2026-07-14T08:07:17+00:00,XRPUSDT,1.06672,0.602,UP,0.206
2026-07-14T08:17:21+00:00,BTCUSDT,62517.0,0.375,DOWN,-0.256
2026-07-14T08:17:21+00:00,ETHUSDT,1780.7,0.385,DOWN,-0.234
2026-07-14T08:17:21+00:00,EURUSD,1.14,0.591,UP,0.184
2026-07-14T08:17:21+00:00,GOLD,4025.2,0.308,DOWN,-0.404
2026-07-14T08:17:21+00:00,NIFTY,24066.65,0.425,DOWN,-0.15
2026-07-14T08:17:21+00:00,RELIANCE,1298.7,0.356,DOWN,-0.297
2026-07-14T08:17:21+00:00,SENSEX,77172.22,0.562,UP,0.124
2026-07-14T08:17:21+00:00,SOLUSDT,75.05,0.831,UP,0.795
2026-07-14T08:17:21+00:00,XRPUSDT,1.06782,0.759,UP,0.573
2026-07-14T08:27:24+00:00,BTCUSDT,62564.0,0.4,DOWN,-0.202
2026-07-14T08:27:24+00:00,EURUSD,1.1403,0.656,UP,0.322
2026-07-14T08:27:24+00:00,GOLD,4027.4,0.427,DOWN,-0.148
2026-07-14T08:27:24+00:00,NIFTY,24065.95,0.375,DOWN,-0.256
2026-07-14T08:27:24+00:00,RELIANCE,1296.3,0.306,DOWN,-0.41
2026-07-14T08:27:24+00:00,SENSEX,77071.08,0.323,DOWN,-0.37
2026-07-14T08:27:24+00:00,SOLUSDT,75.21,0.831,UP,0.795
2026-07-14T08:27:24+00:00,XRPUSDT,1.06863,0.708,UP,0.444
2026-07-14T08:37:28+00:00,EURUSD,1.1403,0.626,UP,0.257
2026-07-14T08:37:28+00:00,NIFTY,24062.6,0.426,DOWN,-0.149
2026-07-14T08:37:28+00:00,RELIANCE,1294.3,0.287,DOWN,-0.454
2026-07-14T08:37:28+00:00,SENSEX,77103.13,0.326,DOWN,-0.363
2026-07-14T08:37:28+00:00,SOLUSDT,75.24,0.815,UP,0.742
2026-07-14T08:37:28+00:00,XRPUSDT,1.06878,0.752,UP,0.554
2026-07-14T08:47:32+00:00,EURUSD,1.1406,0.691,UP,0.404
2026-07-14T08:47:32+00:00,NIFTY,24059.55,0.42,DOWN,-0.162
2026-07-14T08:47:32+00:00,RELIANCE,1292.7,0.281,DOWN,-0.47
2026-07-14T08:47:32+00:00,SENSEX,77118.04,0.398,DOWN,-0.207
2026-07-14T08:47:32+00:00,SOLUSDT,75.22,0.748,UP,0.545
2026-07-14T08:47:32+00:00,XRPUSDT,1.06932,0.72,UP,0.472
2026-07-14T08:57:35+00:00,ETHUSDT,1783.8,0.419,DOWN,-0.164
2026-07-14T08:57:35+00:00,NIFTY,24055.25,0.386,DOWN,-0.233
2026-07-14T08:57:35+00:00,RELIANCE,1291.7,0.294,DOWN,-0.437
2026-07-14T08:57:35+00:00,SENSEX,77115.87,0.589,UP,0.18
2026-07-14T08:57:35+00:00,XRPUSDT,1.06769,0.557,UP,0.114
2026-07-14T09:07:39+00:00,ETHUSDT,1785.0,0.586,UP,0.173
2026-07-14T09:07:39+00:00,EURUSD,1.1405,0.581,UP,0.164
2026-07-14T09:07:39+00:00,GOLD,4023.3,0.34,DOWN,-0.331
2026-07-14T09:07:39+00:00,NIFTY,24050.65,0.375,DOWN,-0.256
2026-07-14T09:07:39+00:00,RELIANCE,1291.0,0.32,DOWN,-0.376
2026-07-14T09:07:39+00:00,XRPUSDT,1.06811,0.619,UP,0.242
2026-07-14T09:17:42+00:00,ETHUSDT,1787.3,0.681,UP,0.379
2026-07-14T09:17:42+00:00,EURUSD,1.1404,0.419,DOWN,-0.164
2026-07-14T09:17:42+00:00,NIFTY,24042.05,0.33,DOWN,-0.353
2026-07-14T09:17:42+00:00,RELIANCE,1290.9,0.369,DOWN,-0.268
2026-07-14T09:17:42+00:00,SENSEX,77065.6,0.397,DOWN,-0.209
2026-07-14T09:17:42+00:00,XRPUSDT,1.06872,0.599,UP,0.201
2026-07-14T09:27:46+00:00,ETHUSDT,1785.6,0.669,UP,0.352
2026-07-14T09:27:46+00:00,EURUSD,1.1401,0.388,DOWN,-0.227
2026-07-14T09:27:46+00:00,NIFTY,24047.2,0.386,DOWN,-0.231
2026-07-14T09:27:46+00:00,XRPUSDT,1.06886,0.7,UP,0.424
2026-07-14T09:37:50+00:00,BTCUSDT,62480.0,0.431,DOWN,-0.139
2026-07-14T09:37:50+00:00,EURUSD,1.1401,0.354,DOWN,-0.301
2026-07-14T09:37:50+00:00,GOLD,4025.0,0.566,UP,0.132
2026-07-14T09:37:50+00:00,NIFTY,24068.7,0.647,UP,0.303
2026-07-14T09:37:50+00:00,RELIANCE,1293.7,0.658,UP,0.328
2026-07-14T09:37:50+00:00,SENSEX,77011.5,0.352,DOWN,-0.305
2026-07-14T09:37:50+00:00,SOLUSDT,74.85,0.329,DOWN,-0.356
2026-07-14T09:47:53+00:00,BTCUSDT,62503.0,0.411,DOWN,-0.18
2026-07-14T09:47:53+00:00,EURUSD,1.14,0.342,DOWN,-0.328
2026-07-14T09:47:53+00:00,GOLD,4022.5,0.358,DOWN,-0.293
2026-07-14T09:47:53+00:00,NIFTY,24049.7,0.567,UP,0.135
2026-07-14T09:47:53+00:00,RELIANCE,1293.5,0.657,UP,0.325
2026-07-14T09:47:53+00:00,SENSEX,77098.9,0.552,UP,0.103
2026-07-14T09:47:53+00:00,SOLUSDT,75.01,0.329,DOWN,-0.355
2026-07-14T09:57:57+00:00,EURUSD,1.1404,0.615,UP,0.235
2026-07-14T09:57:57+00:00,NIFTY,24041.75,0.45,DOWN,-0.1
2026-07-14T09:57:57+00:00,RELIANCE,1295.6,0.686,UP,0.391
2026-07-14T09:57:57+00:00,SOLUSDT,75.01,0.343,DOWN,-0.324
2026-07-14T10:08:01+00:00,BTCUSDT,62635.0,0.849,UP,0.864
2026-07-14T10:08:01+00:00,ETHUSDT,1787.7,0.855,UP,0.886
2026-07-14T10:08:01+00:00,EURUSD,1.1403,0.581,UP,0.164
2026-07-14T10:08:01+00:00,GOLD,4027.9,0.593,UP,0.188
2026-07-14T10:08:01+00:00,NIFTY,24052.05,0.369,DOWN,-0.267
2026-07-14T10:08:01+00:00,SENSEX,77062.83,0.581,UP,0.163
2026-07-14T10:08:01+00:00,SOLUSDT,75.15,0.845,UP,0.846
2026-07-14T10:08:01+00:00,XRPUSDT,1.06942,0.799,UP,0.69
2026-07-14T10:18:05+00:00,BTCUSDT,62654.0,0.845,UP,0.848
2026-07-14T10:18:05+00:00,ETHUSDT,1788.1,0.824,UP,0.77
2026-07-14T10:18:05+00:00,GOLD,4025.4,0.598,UP,0.198
2026-07-14T10:18:05+00:00,SENSEX,77054.94,0.429,DOWN,-0.143
2026-07-14T10:18:05+00:00,SOLUSDT,75.15,0.801,UP,0.696
2026-07-14T10:18:05+00:00,XRPUSDT,1.06763,0.679,UP,0.375
2026-07-14T10:28:08+00:00,BTCUSDT,62602.0,0.734,UP,0.507
2026-07-14T10:28:08+00:00,ETHUSDT,1786.6,0.78,UP,0.634
2026-07-14T10:28:08+00:00,EURUSD,1.1397,0.31,DOWN,-0.401
2026-07-14T10:28:08+00:00,NIFTY,24052.05,0.588,UP,0.177
2026-07-14T10:28:08+00:00,RELIANCE,1293.0,0.362,DOWN,-0.284
2026-07-14T10:28:08+00:00,SENSEX,77054.94,0.411,DOWN,-0.18
2026-07-14T10:28:08+00:00,SOLUSDT,75.02,0.701,UP,0.426
2026-07-14T10:28:08+00:00,XRPUSDT,1.06794,0.66,UP,0.332
2026-07-14T10:48:32+00:00,BTCUSDT,62776.0,0.774,UP,0.617
2026-07-14T10:48:32+00:00,ETHUSDT,1795.8,0.8,UP,0.693
2026-07-14T10:48:32+00:00,EURUSD,1.1399,0.368,DOWN,-0.27
2026-07-14T10:48:32+00:00,GOLD,4025.0,0.398,DOWN,-0.207
2026-07-14T10:48:32+00:00,SOLUSDT,75.26,0.724,UP,0.481
2026-07-14T10:48:32+00:00,XRPUSDT,1.0699,0.637,UP,0.282
2026-07-14T10:58:35+00:00,BTCUSDT,62736.0,0.717,UP,0.464
2026-07-14T10:58:35+00:00,ETHUSDT,1798.5,0.799,UP,0.689
2026-07-14T10:58:35+00:00,EURUSD,1.1395,0.326,DOWN,-0.362
2026-07-14T10:58:35+00:00,GOLD,4027.6,0.579,UP,0.159
2026-07-14T10:58:35+00:00,SOLUSDT,75.39,0.754,UP,0.561
2026-07-14T10:58:35+00:00,XRPUSDT,1.07023,0.734,UP,0.507
2026-07-14T11:08:38+00:00,ETHUSDT,1793.5,0.813,UP,0.734
2026-07-14T11:08:38+00:00,GOLD,4028.5,0.595,UP,0.192
2026-07-14T11:08:38+00:00,XRPUSDT,1.06915,0.343,DOWN,-0.326
2026-07-14T11:18:42+00:00,BTCUSDT,62707.0,0.36,DOWN,-0.287
2026-07-14T11:18:42+00:00,ETHUSDT,1795.4,0.667,UP,0.348
2026-07-14T11:18:42+00:00,EURUSD,1.1396,0.394,DOWN,-0.215
2026-07-14T11:18:42+00:00,SOLUSDT,75.35,0.4,DOWN,-0.202
2026-07-14T11:18:42+00:00,XRPUSDT,1.07011,0.281,DOWN,-0.469
2026-07-14T11:28:46+00:00,ETHUSDT,1800.1,0.681,UP,0.379
2026-07-14T11:28:46+00:00,EURUSD,1.1399,0.624,UP,0.254
2026-07-14T11:28:46+00:00,GOLD,4029.7,0.561,UP,0.123
2026-07-14T11:28:46+00:00,SOLUSDT,75.52,0.434,DOWN,-0.133
2026-07-14T11:28:46+00:00,XRPUSDT,1.071,0.344,DOWN,-0.322
2026-07-14T11:38:50+00:00,ETHUSDT,1795.5,0.667,UP,0.348
2026-07-14T11:38:50+00:00,EURUSD,1.1404,0.683,UP,0.383
2026-07-14T11:38:50+00:00,GOLD,4032.1,0.599,UP,0.201
2026-07-14T11:38:50+00:00,SOLUSDT,75.4,0.424,DOWN,-0.153
2026-07-14T11:38:50+00:00,XRPUSDT,1.06973,0.367,DOWN,-0.274
2026-07-14T11:48:54+00:00,ETHUSDT,1795.7,0.619,UP,0.242
2026-07-14T11:48:54+00:00,EURUSD,1.1408,0.709,UP,0.445
2026-07-14T11:48:54+00:00,GOLD,4035.7,0.708,UP,0.442
2026-07-14T11:48:54+00:00,SOLUSDT,75.34,0.372,DOWN,-0.261
2026-07-14T11:48:54+00:00,XRPUSDT,1.07029,0.369,DOWN,-0.268
2026-07-14T11:58:58+00:00,BTCUSDT,62787.0,0.38,DOWN,-0.245
2026-07-14T11:58:58+00:00,EURUSD,1.1409,0.697,UP,0.417
2026-07-14T11:58:58+00:00,GOLD,4036.6,0.665,UP,0.343
2026-07-14T11:58:58+00:00,SOLUSDT,75.33,0.273,DOWN,-0.489
2026-07-14T11:58:58+00:00,XRPUSDT,1.07146,0.411,DOWN,-0.181
2026-07-14T12:09:02+00:00,BTCUSDT,62728.0,0.564,UP,0.128
2026-07-14T12:09:02+00:00,EURUSD,1.1408,0.614,UP,0.232
2026-07-14T12:09:02+00:00,GOLD,4038.4,0.661,UP,0.335
2026-07-14T12:09:02+00:00,SOLUSDT,75.19,0.301,DOWN,-0.421
2026-07-14T12:09:02+00:00,XRPUSDT,1.07013,0.311,DOWN,-0.398
2026-07-14T12:19:06+00:00,BTCUSDT,62834.0,0.643,UP,0.294
2026-07-14T12:19:06+00:00,ETHUSDT,1797.0,0.581,UP,0.164
2026-07-14T12:19:06+00:00,GOLD,4032.2,0.414,DOWN,-0.174
2026-07-14T12:19:06+00:00,SOLUSDT,75.28,0.397,DOWN,-0.21
2026-07-14T12:19:06+00:00,XRPUSDT,1.07138,0.394,DOWN,-0.215
2026-07-14T12:29:10+00:00,BTCUSDT,62846.0,0.659,UP,0.33
2026-07-14T12:29:10+00:00,EURUSD,1.1418,0.666,UP,0.345
2026-07-14T12:29:10+00:00,GOLD,4034.2,0.438,DOWN,-0.126
2026-07-14T12:29:10+00:00,SOLUSDT,75.27,0.412,DOWN,-0.178
2026-07-14T12:29:10+00:00,XRPUSDT,1.07132,0.336,DOWN,-0.34
2026-07-14T12:39:14+00:00,BTCUSDT,63450.0,0.789,UP,0.659
2026-07-14T12:39:14+00:00,ETHUSDT,1824.6,0.71,UP,0.448
2026-07-14T12:39:14+00:00,EURUSD,1.1444,0.718,UP,0.467
2026-07-14T12:39:14+00:00,SOLUSDT,76.09,0.68,UP,0.376
2026-07-14T12:39:14+00:00,XRPUSDT,1.0841,0.582,UP,0.165
2026-07-14T12:49:18+00:00,BTCUSDT,63626.0,0.798,UP,0.687
2026-07-14T12:49:18+00:00,ETHUSDT,1844.2,0.698,UP,0.418
2026-07-14T12:49:18+00:00,EURUSD,1.1455,0.726,UP,0.487
2026-07-14T12:49:18+00:00,GOLD,4095.3,0.706,UP,0.438
2026-07-14T12:49:18+00:00,SOLUSDT,76.47,0.716,UP,0.463
2026-07-14T12:49:18+00:00,XRPUSDT,1.08681,0.602,UP,0.208
2026-07-14T12:59:23+00:00,BTCUSDT,63842.0,0.811,UP,0.727
2026-07-14T12:59:23+00:00,ETHUSDT,1858.9,0.571,UP,0.144
2026-07-14T12:59:23+00:00,EURUSD,1.1447,0.7,UP,0.425
2026-07-14T12:59:23+00:00,GOLD,4092.2,0.699,UP,0.422
2026-07-14T12:59:23+00:00,SOLUSDT,76.8,0.822,UP,0.763
2026-07-14T12:59:23+00:00,XRPUSDT,1.08898,0.609,UP,0.221
2026-07-14T13:09:26+00:00,BTCUSDT,63724.0,0.815,UP,0.741
2026-07-14T13:09:26+00:00,EURUSD,1.1456,0.616,UP,0.237
2026-07-14T13:09:26+00:00,GOLD,4084.2,0.681,UP,0.379
2026-07-14T13:09:26+00:00,SOLUSDT,76.63,0.832,UP,0.799
2026-07-14T13:09:26+00:00,XRPUSDT,1.08517,0.75,UP,0.548
2026-07-14T13:19:30+00:00,BTCUSDT,63802.0,0.79,UP,0.662
2026-07-14T13:19:30+00:00,ETHUSDT,1860.3,0.38,DOWN,-0.244
2026-07-14T13:19:30+00:00,SOLUSDT,76.6,0.762,UP,0.581
2026-07-14T13:19:30+00:00,XRPUSDT,1.08836,0.731,UP,0.5
2026-07-14T13:29:34+00:00,BTCUSDT,63891.0,0.71,UP,0.448
2026-07-14T13:29:34+00:00,ETHUSDT,1879.0,0.433,DOWN,-0.135
2026-07-14T13:29:34+00:00,EURUSD,1.1453,0.561,UP,0.122
2026-07-14T13:29:34+00:00,SOLUSDT,77.37,0.8,UP,0.694
2026-07-14T13:29:34+00:00,XRPUSDT,1.102,0.808,UP,0.719
2026-07-14T13:39:38+00:00,AAPL,315.195,0.299,DOWN,-0.426
2026-07-14T13:39:38+00:00,BTCUSDT,63858.0,0.716,UP,0.462
2026-07-14T13:39:38+00:00,NASDAQ,26031.475,0.701,UP,0.426
2026-07-14T13:39:38+00:00,SOLUSDT,77.24,0.78,UP,0.632
2026-07-14T13:39:38+00:00,SPY,751.19,0.701,UP,0.426
2026-07-14T13:39:38+00:00,XRPUSDT,1.10137,0.809,UP,0.721
2026-07-14T13:49:43+00:00,AAPL,313.51,0.278,DOWN,-0.476
2026-07-14T13:49:43+00:00,BTCUSDT,63746.0,0.616,UP,0.236
2026-07-14T13:49:43+00:00,ETHUSDT,1869.1,0.423,DOWN,-0.156
2026-07-14T13:49:43+00:00,NASDAQ,26012.955,0.69,UP,0.4
2026-07-14T13:49:43+00:00,SOLUSDT,76.89,0.704,UP,0.432
2026-07-14T13:49:43+00:00,SPY,750.975,0.691,UP,0.403
2026-07-14T13:49:43+00:00,XRPUSDT,1.09778,0.752,UP,0.555
2026-07-14T13:59:47+00:00,AAPL,314.65,0.307,DOWN,-0.406
2026-07-14T13:59:47+00:00,BTCUSDT,63774.0,0.571,UP,0.144
2026-07-14T13:59:47+00:00,ETHUSDT,1870.1,0.316,DOWN,-0.387
2026-07-14T13:59:47+00:00,NASDAQ,26052.371,0.708,UP,0.442
2026-07-14T13:59:47+00:00,SPY,751.39,0.706,UP,0.439
2026-07-14T13:59:47+00:00,XRPUSDT,1.09814,0.563,UP,0.128
2026-07-14T14:09:51+00:00,AAPL,314.17,0.398,DOWN,-0.207
2026-07-14T14:09:51+00:00,BTCUSDT,63650.0,0.214,DOWN,-0.652
2026-07-14T14:09:51+00:00,ETHUSDT,1863.3,0.206,DOWN,-0.674
2026-07-14T14:09:51+00:00,NASDAQ,25969.74,0.404,DOWN,-0.194
2026-07-14T14:09:51+00:00,SOLUSDT,76.75,0.191,DOWN,-0.722
2026-07-14T14:09:51+00:00,SPY,750.23,0.388,DOWN,-0.228
2026-07-14T14:09:51+00:00,XRPUSDT,1.09542,0.204,DOWN,-0.68
2026-07-14T14:19:55+00:00,BTCUSDT,63811.0,0.334,DOWN,-0.345
2026-07-14T14:19:55+00:00,ETHUSDT,1864.2,0.241,DOWN,-0.574
2026-07-14T14:19:55+00:00,NASDAQ,25965.975,0.425,DOWN,-0.151
2026-07-14T14:19:55+00:00,SOLUSDT,76.88,0.267,DOWN,-0.505
2026-07-14T14:19:55+00:00,SPY,750.0,0.387,DOWN,-0.23
2026-07-14T14:19:55+00:00,XRPUSDT,1.09804,0.276,DOWN,-0.483
2026-07-14T14:30:00+00:00,BTCUSDT,63851.0,0.362,DOWN,-0.283
2026-07-14T14:30:00+00:00,ETHUSDT,1864.0,0.259,DOWN,-0.524
2026-07-14T14:30:00+00:00,EURUSD,1.145,0.442,DOWN,-0.116
2026-07-14T14:30:00+00:00,NASDAQ,26002.143,0.421,DOWN,-0.159
2026-07-14T14:30:00+00:00,SOLUSDT,76.82,0.288,DOWN,-0.452
2026-07-14T14:30:00+00:00,SPY,750.77,0.427,DOWN,-0.148
2026-07-14T14:30:00+00:00,XRPUSDT,1.09613,0.284,DOWN,-0.463
2026-07-14T14:40:04+00:00,AAPL,315.92,0.64,UP,0.287
2026-07-14T14:40:04+00:00,ETHUSDT,1870.8,0.397,DOWN,-0.208
2026-07-14T14:40:04+00:00,EURUSD,1.1451,0.373,DOWN,-0.26
2026-07-14T14:40:04+00:00,NASDAQ,26084.367,0.648,UP,0.306
2026-07-14T14:40:04+00:00,SOLUSDT,77.06,0.416,DOWN,-0.17
2026-07-14T14:40:04+00:00,SPY,751.95,0.658,UP,0.328
2026-07-14T14:40:04+00:00,XRPUSDT,1.09848,0.392,DOWN,-0.22
2026-07-14T14:50:08+00:00,BTCUSDT,63890.0,0.424,DOWN,-0.153
2026-07-14T14:50:08+00:00,ETHUSDT,1870.2,0.422,DOWN,-0.158
2026-07-14T14:50:08+00:00,EURUSD,1.1451,0.392,DOWN,-0.219
2026-07-14T14:50:08+00:00,NASDAQ,26022.184,0.578,UP,0.157
2026-07-14T14:50:08+00:00,SOLUSDT,76.94,0.375,DOWN,-0.256
2026-07-14T14:50:08+00:00,SPY,750.64,0.562,UP,0.125
2026-07-14T14:50:08+00:00,XRPUSDT,1.09774,0.354,DOWN,-0.3
2026-07-14T15:00:12+00:00,BTCUSDT,64233.0,0.443,DOWN,-0.114
2026-07-14T15:00:12+00:00,ETHUSDT,1878.5,0.611,UP,0.225
2026-07-14T15:00:12+00:00,GOLD,4086.7,0.601,UP,0.206
2026-07-14T15:00:12+00:00,NASDAQ,26096.91,0.619,UP,0.242
2026-07-14T15:00:12+00:00,SPY,751.865,0.597,UP,0.196
2026-07-14T15:00:12+00:00,XRPUSDT,1.1018,0.398,DOWN,-0.207
2026-07-14T15:10:16+00:00,BTCUSDT,64218.0,0.442,DOWN,-0.117
2026-07-14T15:10:16+00:00,EURUSD,1.1453,0.553,UP,0.105
2026-07-14T15:10:16+00:00,GOLD,4090.5,0.629,UP,0.264
2026-07-14T15:10:16+00:00,NASDAQ,26148.955,0.585,UP,0.171
2026-07-14T15:10:16+00:00,SOLUSDT,77.3,0.44,DOWN,-0.12
2026-07-14T15:10:16+00:00,SPY,752.97,0.588,UP,0.179
2026-07-14T15:10:16+00:00,XRPUSDT,1.10202,0.4,DOWN,-0.202
2026-07-14T15:20:21+00:00,AAPL,315.68,0.599,UP,0.201
2026-07-14T15:20:21+00:00,ETHUSDT,1877.1,0.565,UP,0.13
2026-07-14T15:20:21+00:00,EURUSD,1.1448,0.427,DOWN,-0.148
2026-07-14T15:20:21+00:00,GOLD,4104.4,0.688,UP,0.396
2026-07-14T15:20:21+00:00,NASDAQ,26123.29,0.623,UP,0.25
2026-07-14T15:20:21+00:00,SPY,751.75,0.588,UP,0.178
2026-07-14T15:20:21+00:00,XRPUSDT,1.10169,0.433,DOWN,-0.134
2026-07-14T15:40:50+00:00,EURUSD,1.1442,0.376,DOWN,-0.253
2026-07-14T15:40:50+00:00,GOLD,4091.3,0.558,UP,0.117
2026-07-14T15:50:55+00:00,AAPL,313.8,0.347,DOWN,-0.315
2026-07-14T15:50:55+00:00,BTCUSDT,64752.0,0.577,UP,0.155
2026-07-14T15:50:55+00:00,EURUSD,1.1435,0.284,DOWN,-0.461
2026-07-14T15:50:55+00:00,GOLD,4082.5,0.407,DOWN,-0.188
2026-07-14T15:50:55+00:00,NASDAQ,26103.795,0.424,DOWN,-0.154
2026-07-14T15:50:55+00:00,SOLUSDT,77.62,0.555,UP,0.111
2026-07-14T15:50:55+00:00,SPY,751.307,0.361,DOWN,-0.285
2026-07-14T16:00:59+00:00,AAPL,313.005,0.316,DOWN,-0.387
2026-07-14T16:00:59+00:00,BTCUSDT,64746.0,0.713,UP,0.456
2026-07-14T16:00:59+00:00,EURUSD,1.1431,0.288,DOWN,-0.453
2026-07-14T16:00:59+00:00,GOLD,4076.6,0.293,DOWN,-0.441
2026-07-14T16:00:59+00:00,NASDAQ,26070.459,0.413,DOWN,-0.176
2026-07-14T16:00:59+00:00,SOLUSDT,77.3,0.662,UP,0.335
2026-07-14T16:00:59+00:00,SPY,750.43,0.387,DOWN,-0.23
2026-07-14T16:00:59+00:00,XRPUSDT,1.10409,0.666,UP,0.344
2026-07-14T16:11:03+00:00,BTCUSDT,64779.0,0.612,UP,0.229
2026-07-14T16:11:03+00:00,ETHUSDT,1873.5,0.607,UP,0.216
2026-07-14T16:11:03+00:00,EURUSD,1.143,0.311,DOWN,-0.398
2026-07-14T16:11:03+00:00,GOLD,4070.2,0.314,DOWN,-0.39
2026-07-14T16:11:03+00:00,NASDAQ,26045.855,0.391,DOWN,-0.222
2026-07-14T16:11:03+00:00,SOLUSDT,77.34,0.692,UP,0.405
2026-07-14T16:11:03+00:00,SPY,750.145,0.392,DOWN,-0.22
2026-07-14T16:11:03+00:00,XRPUSDT,1.1059,0.638,UP,0.283
2026-07-14T16:21:07+00:00,AAPL,313.075,0.432,DOWN,-0.136
2026-07-14T16:21:07+00:00,BTCUSDT,64742.0,0.564,UP,0.129
2026-07-14T16:21:07+00:00,EURUSD,1.143,0.386,DOWN,-0.233
2026-07-14T16:21:07+00:00,GOLD,4069.4,0.36,DOWN,-0.288
2026-07-14T16:21:07+00:00,NASDAQ,26053.99,0.405,DOWN,-0.192
2026-07-14T16:21:07+00:00,SOLUSDT,77.26,0.555,UP,0.11
2026-07-14T16:21:07+00:00,SPY,750.29,0.404,DOWN,-0.195
2026-07-14T16:21:07+00:00,XRPUSDT,1.10508,0.58,UP,0.161
2026-07-14T16:31:11+00:00,BTCUSDT,64777.0,0.596,UP,0.195
2026-07-14T16:31:11+00:00,ETHUSDT,1873.5,0.67,UP,0.355
2026-07-14T16:31:11+00:00,EURUSD,1.1435,0.583,UP,0.167
2026-07-14T16:31:11+00:00,GOLD,4068.1,0.399,DOWN,-0.205
2026-07-14T16:31:11+00:00,SOLUSDT,77.47,0.732,UP,0.502
2026-07-14T16:31:11+00:00,SPY,750.997,0.555,UP,0.111
2026-07-14T16:31:11+00:00,XRPUSDT,1.10648,0.714,UP,0.457
2026-07-14T16:41:15+00:00,BTCUSDT,64803.0,0.6,UP,0.202
2026-07-14T16:41:15+00:00,ETHUSDT,1874.5,0.644,UP,0.297
2026-07-14T16:41:15+00:00,EURUSD,1.1436,0.624,UP,0.252
2026-07-14T16:41:15+00:00,NASDAQ,26102.836,0.607,UP,0.217
2026-07-14T16:41:15+00:00,SOLUSDT,77.55,0.725,UP,0.485
2026-07-14T16:41:15+00:00,SPY,751.52,0.623,UP,0.252
2026-07-14T16:41:15+00:00,XRPUSDT,1.10771,0.689,UP,0.399
2026-07-14T16:51:20+00:00,AAPL,313.65,0.561,UP,0.123
2026-07-14T16:51:20+00:00,BTCUSDT,64759.0,0.604,UP,0.211
2026-07-14T16:51:20+00:00,ETHUSDT,1872.7,0.636,UP,0.279
2026-07-14T16:51:20+00:00,EURUSD,1.1434,0.589,UP,0.18
2026-07-14T16:51:20+00:00,NASDAQ,26106.07,0.613,UP,0.229
2026-07-14T16:51:20+00:00,SOLUSDT,77.36,0.665,UP,0.342
2026-07-14T16:51:20+00:00,SPY,751.28,0.6,UP,0.204
2026-07-14T16:51:20+00:00,XRPUSDT,1.10515,0.616,UP,0.237
2026-07-14T17:01:24+00:00,AAPL,314.09,0.584,UP,0.17
2026-07-14T17:01:24+00:00,BTCUSDT,64647.0,0.622,UP,0.249
2026-07-14T17:01:24+00:00,ETHUSDT,1870.5,0.666,UP,0.346
2026-07-14T17:01:24+00:00,NASDAQ,26133.004,0.608,UP,0.219
2026-07-14T17:01:24+00:00,SOLUSDT,77.21,0.604,UP,0.21
2026-07-14T17:01:24+00:00,SPY,751.975,0.608,UP,0.219
2026-07-14T17:01:24+00:00,XRPUSDT,1.10292,0.606,UP,0.215
2026-07-14T17:11:28+00:00,AAPL,314.73,0.627,UP,0.259
2026-07-14T17:11:28+00:00,EURUSD,1.143,0.383,DOWN,-0.239
2026-07-14T17:11:28+00:00,NASDAQ,26142.723,0.624,UP,0.254
2026-07-14T17:11:28+00:00,SPY,752.15,0.581,UP,0.164
2026-07-14T17:21:32+00:00,AAPL,314.765,0.632,UP,0.271
2026-07-14T17:21:32+00:00,EURUSD,1.1423,0.316,DOWN,-0.385
2026-07-14T17:21:32+00:00,NASDAQ,26136.652,0.618,UP,0.241
2026-07-14T17:21:32+00:00,SPY,752.24,0.631,UP,0.267
2026-07-14T17:31:36+00:00,AAPL,314.72,0.582,UP,0.165
2026-07-14T17:31:36+00:00,ETHUSDT,1868.0,0.613,UP,0.23
2026-07-14T17:31:36+00:00,EURUSD,1.143,0.393,DOWN,-0.218
2026-07-14T17:31:36+00:00,NASDAQ,26152.896,0.585,UP,0.172
2026-07-14T17:31:36+00:00,SOLUSDT,77.04,0.566,UP,0.132
2026-07-14T17:31:36+00:00,SPY,752.4,0.58,UP,0.162
2026-07-14T17:31:36+00:00,XRPUSDT,1.10173,0.598,UP,0.199
